sym,date,form
CALX,2010-03-24,424B4
FIBK,2010-03-24,424B4
MXL,2010-03-24,424B4
PAG,2010-02-04,424B4
QNST,2010-02-11,424B4
ST,2010-03-11,424B4
VCEL,2010-01-14,424B5
VCEL,2010-01-15,424B5
NLY,2010-02-10,424B5
NLY,2010-03-03,424B5
ASB,2010-01-12,424B5
ASB,2010-01-13,424B5
AN,2010-03-31,424B5
ANIP,2010-03-05,424B5
CATY,2010-02-01,424B5
CENTA,2010-02-22,424B5
CENTA,2010-02-26,424B5
CLF,2010-03-10,424B5
CLF,2010-03-11,424B5
CDE,2010-02-05,424B5
CDE,2010-03-31,424B5
CNX,2010-03-29,424B5
FFBC,2010-01-28,424B5
GATX,2010-02-04,424B5
GBCI,2010-03-17,424B5
G,2010-03-19,424B5
HIW,2010-02-04,424B5
LEA,2010-03-22,424B5
LXP,2010-03-26,424B5
LAZ,2010-03-17,424B5
MPT,2010-02-12,424B5
NBIX,2010-03-04,424B5
NBIX,2010-03-05,424B5
OHI,2010-03-31,424B5
OTTR,2010-03-17,424B5
RNR,2010-03-15,424B5
SMG,2010-01-11,424B5
SLG,2010-01-14,424B5
SLG,2010-01-15,424B5
SLM,2010-03-17,424B5
TCBI,2010-03-12,424B5
INVA,2010-03-17,424B5
INVA,2010-03-19,424B5
VSAT,2010-03-22,424B5
VSAT,2010-03-26,424B5
WAFD,2010-03-10,424B5
WTFC,2010-03-03,424B5
WTFC,2010-03-04,424B5
TNL,2010-02-22,424B5
ZION,2010-03-01,424B5
AOSL,2010-04-29,424B4
ABCB,2010-04-16,424B4
ARR,2010-06-16,424B4
FULT,2010-05-03,424B4
FN,2010-06-25,424B4
LNC,2010-06-15,424B4
LNC,2010-06-16,424B4
CHRD,2010-06-17,424B4
SPSC,2010-04-22,424B4
AAP,2010-04-26,424B5
AAP,2010-04-27,424B5
ADC,2010-04-12,424B5
ADC,2010-04-13,424B5
ARWR,2010-06-21,424B5
ALLY,2010-05-24,424B5
BANR,2010-06-17,424B5
BANR,2010-06-25,424B5
BGC,2010-06-02,424B5
ANIP,2010-06-21,424B5
AX,2010-04-01,424B5
CDE,2010-06-30,424B5
COLB,2010-04-30,424B5
CORT,2010-06-25,424B5
DRH,2010-05-24,424B5
DRH,2010-05-25,424B5
EPR,2010-05-05,424B5
EPR,2010-05-06,424B5
FSS,2010-05-07,424B5
FFBC,2010-06-03,424B5
FR,2010-05-04,424B5
GTY,2010-05-11,424B5
GBX,2010-05-03,424B5
GBX,2010-05-07,424B5
GPOR,2010-05-13,424B5
GPOR,2010-05-14,424B5
JAZZ,2010-05-10,424B5
JAZZ,2010-05-12,424B5
KRC,2010-04-14,424B5
BBWI,2010-04-20,424B5
MAC,2010-04-14,424B5
MAC,2010-04-16,424B5
MPT,2010-04-12,424B5
MPT,2010-04-15,424B5
MTG,2010-04-20,424B5
MTG,2010-04-23,424B5
MSEX,2010-06-02,424B5
NOG,2010-04-15,424B5
OHI,2010-04-02,424B5
OHI,2010-06-25,424B5
PVH,2010-04-20,424B5
PVH,2010-04-26,424B5
PRI,2010-04-02,424B5
RDN,2010-05-04,424B5
RDN,2010-05-06,424B5
RGLD,2010-06-21,424B5
UCB,2010-04-06,424B5
VLY,2010-05-19,424B5
WOR,2010-04-08,424B5
WU,2010-06-16,424B5
ZION,2010-05-19,424B5
ZION,2010-05-21,424B5
ZION,2010-06-14,424B5
SBCF,2010-07-23,424B4
AFG,2010-09-22,424B5
AFG,2010-09-23,424B5
NLY,2010-07-16,424B5
BGC,2010-09-03,424B5
BKH,2010-07-13,424B5
BWA,2010-09-13,424B5
BWA,2010-09-14,424B5
CHH,2010-08-18,424B5
CHH,2010-08-19,424B5
CLF,2010-09-15,424B5
CLF,2010-09-16,424B5
INGR,2010-09-14,424B5
EVR,2010-09-16,424B5
FCF,2010-08-05,424B5
GT,2010-08-10,424B5
GT,2010-08-20,424B5
HALO,2010-09-08,424B5
HALO,2010-09-10,424B5
EHC,2010-09-28,424B5
EHC,2010-09-30,424B5
LNC,2010-09-17,424B5
LTC,2010-08-03,424B5
LTC,2010-08-04,424B5
LAZ,2010-08-05,424B5
MOH,2010-08-04,424B5
MOH,2010-08-11,424B5
NWL,2010-08-02,424B5
NWL,2010-08-04,424B5
BTU,2010-08-11,424B5
BTU,2010-08-13,424B5
AVNT,2010-09-10,424B5
AVNT,2010-09-14,424B5
RRC,2010-07-30,424B5
UNFI,2010-09-27,424B5
UNM,2010-09-10,424B5
WAL,2010-08-18,424B5
WAL,2010-08-20,424B5
WAL,2010-08-24,424B5
WKC,2010-09-13,424B5
WSFS,2010-08-02,424B5
WSFS,2010-08-03,424B5
TNL,2010-09-15,424B5
ZION,2010-08-18,424B5
ZION,2010-09-23,424B5
ARR,2010-11-04,424B4
BAH,2010-11-18,424B4
CVI,2010-11-22,424B4
EFC,2010-10-08,424B4
GPOR,2010-12-15,424B4
SPSC,2010-12-03,424B4
KNX,2010-12-17,424B4
ST,2010-11-12,424B4
WD,2010-12-15,424B4
VCEL,2010-12-09,424B5
VCEL,2010-12-10,424B5
ARR,2010-12-17,424B5
BGC,2010-10-15,424B5
BIO,2010-12-06,424B5
ANIP,2010-12-29,424B5
BKH,2010-11-09,424B5
CWT,2010-11-16,424B5
CWT,2010-11-18,424B5
CSL,2010-12-06,424B5
CDP,2010-11-01,424B5
CDP,2010-11-03,424B5
DEI,2010-12-30,424B5
EMN,2010-12-01,424B5
EMN,2010-12-03,424B5
FHN,2010-12-15,424B5
FHN,2010-12-17,424B5
FNB,2010-10-26,424B5
GATX,2010-11-17,424B5
GBX,2010-12-15,424B5
HAFC,2010-10-14,424B5
HFWA,2010-12-10,424B5
KRC,2010-10-27,424B5
KRG,2010-11-29,424B5
KRG,2010-12-02,424B5
KTOS,2010-10-07,424B5
LAZ,2010-11-03,424B5
NOG,2010-11-16,424B5
NOG,2010-11-19,424B5
PRK,2010-12-08,424B5
PMT,2010-11-19,424B5
RDN,2010-11-08,424B5
RDN,2010-11-09,424B5
SCI,2010-11-18,424B5
STWD,2010-12-07,424B5
STWD,2010-12-13,424B5
SHO,2010-11-08,424B5
SHO,2010-11-09,424B5
TDS,2010-11-15,424B5
TDS,2010-11-18,424B5
KMPR,2010-11-18,424B5
WTFC,2010-12-06,424B5
WTFC,2010-12-08,424B5
AAT,2011-01-14,424B4
CVI,2011-02-04,424B4
FN,2011-03-04,424B4
HCI,2011-03-07,424B4
PCRX,2011-02-03,424B4
ST,2011-02-18,424B4
ATI,2011-01-04,424B5
THRM,2011-03-30,424B5
NLY,2011-01-06,424B5
NLY,2011-02-17,424B5
ASB,2011-03-22,424B5
SRPT,2011-03-31,424B5
ALLY,2011-02-08,424B5
ALLY,2011-02-10,424B5
ALLY,2011-03-01,424B5
ALLY,2011-03-03,424B5
ARR,2011-01-21,424B5
ARR,2011-02-03,424B5
ARR,2011-02-18,424B5
ANIP,2011-03-04,424B5
TBBK,2011-02-28,424B5
TBBK,2011-03-03,424B5
CLF,2011-03-16,424B5
CLF,2011-03-17,424B5
CRK,2011-02-28,424B5
CRK,2011-03-01,424B5
CORT,2011-01-20,424B5
DAN,2011-01-24,424B5
DAN,2011-01-26,424B5
DAR,2011-01-24,424B5
DAR,2011-01-28,424B5
DRH,2011-01-18,424B5
DRH,2011-01-20,424B5
EGP,2011-03-22,424B5
EXEL,2011-03-07,424B5
EXEL,2011-03-10,424B5
VAL,2011-03-08,424B5
VAL,2011-03-09,424B5
FR,2011-03-01,424B5
FR,2011-03-07,424B5
GTY,2011-01-18,424B5
GT,2011-03-28,424B5
GPOR,2011-03-21,424B5
GPOR,2011-03-28,424B5
HWC,2011-03-21,424B5
EHC,2011-03-02,424B5
EHC,2011-03-03,424B5
IRDM,2011-03-30,424B5
KTOS,2011-02-07,424B5
KTOS,2011-02-08,424B5
BBWI,2011-03-22,424B5
LTC,2011-03-21,424B5
LTC,2011-03-23,424B5
MRCY,2011-02-07,424B5
MRCY,2011-02-11,424B5
ORI,2011-03-02,424B5
ORI,2011-03-03,424B5
PEB,2011-03-07,424B5
PEB,2011-03-09,424B5
PEB,2011-03-31,424B5
PMT,2011-02-10,424B5
PMT,2011-02-14,424B5
RGA,2011-02-16,424B5
RGA,2011-03-01,424B5
SHO,2011-03-30,424B5
TDS,2011-03-21,424B5
TDS,2011-03-22,424B5
CUBE,2011-01-27,424B5
OLED,2011-03-25,424B5
WTFC,2011-02-09,424B5
TNL,2011-02-23,424B5
WU,2011-03-02,424B5
ZION,2011-02-10,424B5
CVI,2011-05-25,424B4
STAG,2011-04-18,424B4
VCEL,2011-06-16,424B5
ACAD,2011-04-11,424B5
SRPT,2011-04-01,424B5
ALLY,2011-04-13,424B5
ALLY,2011-04-15,424B5
ARR,2011-04-07,424B5
ARR,2011-04-11,424B5
ARR,2011-05-31,424B5
ARR,2011-06-02,424B5
BGC,2011-05-19,424B5
CRS,2011-06-28,424B5
LUMN,2011-04-05,424B5
LUMN,2011-06-09,424B5
LUMN,2011-06-10,424B5
CLF,2011-06-06,424B5
CLF,2011-06-08,424B5
CDP,2011-05-19,424B5
CDP,2011-05-20,424B5
CYTK,2011-04-18,424B5
CE,2011-05-03,424B5
ELS,2011-05-31,424B5
ELS,2011-06-02,424B5
VAL,2011-05-06,424B5
EVR,2011-06-20,424B5
FR,2011-06-02,424B5
BANC,2011-05-11,424B5
BANC,2011-06-22,424B5
BANC,2011-06-23,424B5
FNB,2011-05-11,424B5
GAP,2011-04-07,424B5
GATX,2011-05-25,424B5
GPK,2011-04-15,424B5
KRC,2011-04-05,424B5
KRC,2011-06-27,424B5
LXP,2011-05-16,424B5
LNC,2011-06-22,424B5
MMSI,2011-06-16,424B5
MMSI,2011-06-20,424B5
NNN,2011-06-28,424B5
NNN,2011-06-29,424B5
ADAM,2011-06-27,424B5
ADAM,2011-06-28,424B5
POR,2011-04-01,424B5
PEB,2011-04-04,424B5
KWR,2011-05-05,424B5
RRC,2011-05-12,424B5
RGA,2011-05-24,424B5
RPM,2011-05-24,424B5
RPM,2011-05-25,424B5
STWD,2011-05-10,424B5
STWD,2011-05-12,424B5
SHO,2011-04-04,424B5
SKT,2011-06-29,424B5
TRST,2011-06-08,424B5
TRST,2011-06-30,424B5
VNO,2011-04-13,424B5
VNO,2011-04-15,424B5
VNO,2011-05-05,424B5
CHEF,2011-07-29,424B4
SBRA,2011-07-27,424B4
AMG,2011-07-26,424B5
NLY,2011-07-13,424B5
ASB,2011-09-09,424B5
BGC,2011-09-09,424B5
ANIP,2011-07-27,424B5
ANIP,2011-07-28,424B5
AX,2011-09-01,424B5
AX,2011-09-07,424B5
AX,2011-09-30,424B5
CYTK,2011-07-07,424B5
CUBE,2011-09-16,424B5
XRAY,2011-08-16,424B5
EXLS,2011-09-13,424B5
EXLS,2011-09-14,424B5
FLR,2011-09-08,424B5
FLR,2011-09-09,424B5
GATX,2011-09-19,424B5
GPOR,2011-07-11,424B5
GPOR,2011-07-12,424B5
H,2011-08-04,424B5
KRC,2011-07-26,424B5
NNN,2011-09-06,424B5
NNN,2011-09-08,424B5
PEB,2011-07-12,424B5
PEB,2011-09-13,424B5
PEB,2011-09-15,424B5
SLG,2011-08-02,424B5
SLG,2011-08-03,424B5
SKT,2011-07-01,424B5
VNO,2011-08-03,424B5
WU,2011-08-17,424B5
ACHC,2011-12-15,424B4
CPRI,2011-12-15,424B4
PCRX,2011-11-16,424B4
STAG,2011-10-28,424B4
AKR,2011-11-04,424B5
DCH,2011-11-01,424B5
ANDE,2011-11-02,424B5
ASB,2011-12-01,424B5
ARR,2011-10-12,424B5
ARR,2011-12-08,424B5
ARR,2011-12-12,424B5
DCOM,2011-11-21,424B5
AX,2011-11-02,424B5
AX,2011-12-09,424B5
CUBE,2011-10-24,424B5
CUBE,2011-10-26,424B5
CUBE,2011-10-27,424B5
CUBE,2011-10-31,424B5
ECPG,2011-11-02,424B5
ECPG,2011-11-03,424B5
GPOR,2011-11-29,424B5
GPOR,2011-11-30,424B5
HAFC,2011-11-16,424B5
HSTM,2011-11-14,424B5
HSTM,2011-11-21,424B5
IDA,2011-12-16,424B5
KSS,2011-10-12,424B5
KSS,2011-10-14,424B5
HOPE,2011-10-26,424B5
NNN,2011-11-29,424B5
NNN,2011-11-30,424B5
ADAM,2011-11-30,424B5
ADAM,2011-12-02,424B5
CHRD,2011-10-28,424B5
BANR,2012-03-26,424B4
EPAM,2012-02-09,424B4
ENPH,2012-03-30,424B4
GWRE,2012-01-25,424B4
MTSI,2012-03-15,424B4
MKTX,2012-02-23,424B4
MTDR,2012-02-02,424B4
CPRI,2012-03-23,424B4
PRLB,2012-02-27,424B4
ZWS,2012-03-30,424B4
SBCF,2012-03-26,424B4
SBCF,2012-03-29,424B4
WSFS,2012-03-29,424B4
WT,2012-02-03,424B4
YELP,2012-03-02,424B4
ACAD,2012-03-30,424B5
AAP,2012-01-11,424B5
ADC,2012-01-23,424B5
ADC,2012-01-24,424B5
THRM,2012-03-19,424B5
THRM,2012-03-20,424B5
NLY,2012-03-19,424B5
ALV,2012-03-09,424B5
ALV,2012-03-13,424B5
AN,2012-01-27,424B5
AN,2012-01-30,424B5
ALLY,2012-02-09,424B5
ALLY,2012-02-13,424B5
ARR,2012-01-10,424B5
ARR,2012-01-12,424B5
ARR,2012-02-02,424B5
ARR,2012-02-07,424B5
ARR,2012-03-08,424B5
ARR,2012-03-13,424B5
BANR,2012-03-29,424B5
BGC,2012-02-16,424B5
LUMN,2012-03-05,424B5
LUMN,2012-03-06,424B5
CBU,2012-01-23,424B5
ENOV,2012-02-27,424B5
ENOV,2012-02-29,424B5
EXEL,2012-02-09,424B5
EXEL,2012-02-10,424B5
FR,2012-03-01,424B5
FLO,2012-03-29,424B5
GT,2012-02-23,424B5
HALO,2012-02-09,424B5
HALO,2012-02-10,424B5
HLX,2012-03-07,424B5
IPGP,2012-03-02,424B5
JAZZ,2012-01-19,424B5
KBH,2012-02-01,424B5
KMT,2012-02-10,424B5
KRC,2012-02-08,424B5
KRC,2012-02-10,424B5
KRC,2012-03-15,424B5
KRC,2012-03-20,424B5
KRG,2012-03-07,424B5
KRG,2012-03-09,424B5
LGND,2012-03-26,424B5
BBWI,2012-02-02,424B5
LNC,2012-03-28,424B5
MPT,2012-01-31,424B5
MPT,2012-02-02,424B5
M,2012-01-10,424B5
NNN,2012-02-14,424B5
NNN,2012-02-17,424B5
NBIX,2012-01-18,424B5
NBIX,2012-01-19,424B5
OHI,2012-03-14,424B5
RRC,2012-02-27,424B5
RGLD,2012-01-10,424B5
SLM,2012-01-24,424B5
TEX,2012-03-22,424B5
TEX,2012-03-23,424B5
TOL,2012-01-31,424B5
TMP,2012-03-27,424B5
TRNO,2012-01-09,424B5
TRNO,2012-01-11,424B5
WTFC,2012-03-15,424B5
TNL,2012-02-27,424B5
TNL,2012-03-12,424B5
XPO,2012-03-15,424B5
ABCB,2012-06-11,424B4
ABCB,2012-06-14,424B4
CG,2012-05-04,424B4
GWRE,2012-04-19,424B4
SUPN,2012-05-02,424B4
AKR,2012-04-06,424B5
AFG,2012-06-07,424B5
AFG,2012-06-08,424B5
ANDE,2012-06-29,424B5
NLY,2012-05-11,424B5
ABR,2012-06-06,424B5
ALLY,2012-06-21,424B5
ALLY,2012-06-22,424B5
ARR,2012-05-31,424B5
ARR,2012-06-04,424B5
BMRN,2012-05-30,424B5
BMRN,2012-06-01,424B5
CHH,2012-06-19,424B5
CHH,2012-06-25,424B5
CRK,2012-06-01,424B5
CDP,2012-06-19,424B5
CDP,2012-06-21,424B5
CYTK,2012-06-19,424B5
CYTK,2012-06-21,424B5
CUBE,2012-06-19,424B5
CUBE,2012-06-20,424B5
EGBN,2012-05-01,424B5
EGP,2012-05-11,424B5
EMN,2012-05-29,424B5
EMN,2012-05-31,424B5
EPC,2012-05-21,424B5
BANC,2012-04-10,424B5
BANC,2012-04-19,424B5
GATX,2012-06-06,424B5
HCI,2012-04-20,424B5
KTOS,2012-05-08,424B5
KTOS,2012-05-10,424B5
NNN,2012-05-10,424B5
ADAM,2012-05-24,424B5
ADAM,2012-05-25,424B5
NWL,2012-06-11,424B5
NWL,2012-06-12,424B5
OHI,2012-06-19,424B5
CHRD,2012-06-28,424B5
OTTR,2012-05-14,424B5
PCRX,2012-04-11,424B5
PCRX,2012-04-12,424B5
PEB,2012-06-18,424B5
PMT,2012-05-07,424B5
PMT,2012-05-09,424B5
RGLD,2012-06-13,424B5
RGLD,2012-06-15,424B5
STAG,2012-05-21,424B5
STAG,2012-05-23,424B5
STWD,2012-04-16,424B5
STWD,2012-04-18,424B5
STWD,2012-06-22,424B5
SHO,2012-06-20,424B5
SHO,2012-06-21,424B5
UTL,2012-05-08,424B5
UTL,2012-05-11,424B5
FIVE,2012-07-19,424B4
GMED,2012-08-03,424B4
CPRI,2012-09-25,424B4
NBHC,2012-09-21,424B4
QLYS,2012-09-28,424B4
AKR,2012-08-09,424B5
AMG,2012-08-08,424B5
DCH,2012-09-05,424B5
AFG,2012-08-21,424B5
AFG,2012-08-22,424B5
NLY,2012-09-07,424B5
ARWR,2012-08-13,424B5
ARWR,2012-08-14,424B5
ASB,2012-09-06,424B5
AVA,2012-08-09,424B5
ALLY,2012-08-07,424B5
ALLY,2012-08-08,424B5
ARR,2012-07-12,424B5
ARR,2012-07-13,424B5
ARR,2012-07-27,424B5
ARR,2012-08-07,424B5
ANIP,2012-08-17,424B5
CPB,2012-07-30,424B5
CWST,2012-09-24,424B5
CWST,2012-09-28,424B5
CAG,2012-09-10,424B5
CAG,2012-09-12,424B5
CORT,2012-07-02,424B5
DRH,2012-07-09,424B5
DRH,2012-07-11,424B5
DEI,2012-09-13,424B5
EXP,2012-09-26,424B5
EXP,2012-09-28,424B5
EGP,2012-09-20,424B5
ECPG,2012-08-07,424B5
ECPG,2012-08-08,424B5
EPR,2012-08-01,424B5
EPR,2012-08-02,424B5
ELS,2012-09-06,424B5
EXEL,2012-08-06,424B5
EXEL,2012-08-09,424B5
EFC,2012-08-14,424B5
EFC,2012-08-15,424B5
FR,2012-08-08,424B5
FLS,2012-09-06,424B5
FLS,2012-09-07,424B5
EHC,2012-09-06,424B5
EHC,2012-09-07,424B5
CSR,2012-07-30,424B5
CSR,2012-08-01,424B5
INGR,2012-09-17,424B5
KBH,2012-07-24,424B5
KRC,2012-08-06,424B5
KRC,2012-08-07,424B5
KRC,2012-08-08,424B5
KRC,2012-08-10,424B5
KRC,2012-08-16,424B5
KSS,2012-09-18,424B5
KSS,2012-09-19,424B5
LEG,2012-08-08,424B5
LEG,2012-08-10,424B5
MHO,2012-09-05,424B5
MHO,2012-09-06,424B5
MAC,2012-08-17,424B5
MTH,2012-07-09,424B5
MTH,2012-07-10,424B5
MTH,2012-09-12,424B5
MTH,2012-09-13,424B5
NNN,2012-08-07,424B5
NNN,2012-08-08,424B5
ADAM,2012-07-11,424B5
ADAM,2012-07-12,424B5
ADAM,2012-08-15,424B5
ADAM,2012-08-16,424B5
OLN,2012-08-09,424B5
OLN,2012-08-10,424B5
PEB,2012-09-28,424B5
PMT,2012-08-01,424B5
PMT,2012-08-07,424B5
PMT,2012-08-16,424B5
PMT,2012-08-20,424B5
PRI,2012-07-11,424B5
PRI,2012-07-12,424B5
RGA,2012-08-14,424B5
SLG,2012-08-07,424B5
SPSC,2012-09-04,424B5
SPSC,2012-09-06,424B5
STAG,2012-08-09,424B5
STAG,2012-08-13,424B5
SRPT,2012-09-04,424B5
SRPT,2012-09-19,424B5
TCBI,2012-09-17,424B5
TCBI,2012-09-19,424B5
TRNO,2012-07-11,424B5
TRNO,2012-07-13,424B5
UNM,2012-08-22,424B5
VNO,2012-07-11,424B5
VNO,2012-07-12,424B5
WLK,2012-07-10,424B5
WLK,2012-07-11,424B5
WSFS,2012-08-20,424B5
WSFS,2012-08-22,424B5
XPO,2012-09-24,424B5
OFG,2012-11-02,424B4
PBF,2012-12-13,424B4
RH,2012-11-05,424B4
SUPN,2012-11-30,424B4
AKR,2012-10-29,424B5
ABR,2012-10-04,424B5
ABR,2012-10-10,424B5
ABR,2012-12-31,424B5
ARWR,2012-12-06,424B5
ARWR,2012-12-10,424B5
AVT,2012-11-20,424B5
ACHC,2012-12-04,424B5
ACHC,2012-12-07,424B5
ALLY,2012-11-28,424B5
ALLY,2012-11-29,424B5
BGC,2012-12-12,424B5
TBBK,2012-12-17,424B5
TBBK,2012-12-19,424B5
CSL,2012-11-15,424B5
LUMN,2012-10-01,424B5
CLH,2012-11-26,424B5
CLF,2012-12-06,424B5
CLF,2012-12-07,424B5
CDP,2012-10-10,424B5
CDP,2012-10-11,424B5
CDP,2012-10-31,424B5
CE,2012-11-07,424B5
EGBN,2012-10-19,424B5
EGBN,2012-10-30,424B5
EPR,2012-10-04,424B5
EPR,2012-10-05,424B5
BANC,2012-12-03,424B5
BANC,2012-12-05,424B5
GPOR,2012-12-18,424B5
GPOR,2012-12-20,424B5
G,2012-12-11,424B5
G,2012-12-13,424B5
HRB,2012-10-22,424B5
SAFE,2012-11-09,424B5
JLL,2012-11-06,424B5
JLL,2012-11-07,424B5
KMT,2012-11-02,424B5
KRG,2012-10-16,424B5
KRG,2012-10-17,424B5
LXP,2012-10-09,424B5
LXP,2012-10-11,424B5
MUR,2012-11-27,424B5
MUR,2012-11-28,424B5
M,2012-11-14,424B5
NOV,2012-11-16,424B5
ADAM,2012-10-02,424B5
ADAM,2012-10-03,424B5
NWL,2012-11-29,424B5
NWL,2012-11-30,424B5
NXST,2012-11-27,424B5
OC,2012-10-17,424B5
PBI,2012-11-19,424B5
PVH,2012-12-06,424B5
PVH,2012-12-07,424B5
RRX,2012-12-12,424B5
RRX,2012-12-13,424B5
RGLD,2012-10-10,424B5
RPM,2012-10-18,424B5
RPM,2012-10-19,424B5
SCI,2012-11-06,424B5
STWD,2012-10-03,424B5
STWD,2012-10-05,424B5
SRPT,2012-12-12,424B5
SRPT,2012-12-14,424B5
TDS,2012-11-26,424B5
TDS,2012-11-27,424B5
TEX,2012-11-07,424B5
TEX,2012-11-13,424B5
TCBI,2012-10-25,424B5
WU,2012-12-05,424B5
WT,2012-11-13,424B5
WT,2012-11-15,424B5
ZION,2012-11-30,424B5
APAM,2013-03-07,424B4
BCC,2013-02-07,424B4
BFAM,2013-01-25,424B4
FIVE,2013-01-31,424B4
ADC,2013-01-14,424B5
ADC,2013-01-15,424B5
DCH,2013-02-15,424B5
ABR,2013-01-29,424B5
ABR,2013-01-30,424B5
ABR,2013-03-22,424B5
ARWR,2013-01-25,424B5
ARWR,2013-01-28,424B5
ARR,2013-02-08,424B5
ARR,2013-02-19,424B5
AX,2013-03-11,424B5
CWT,2013-03-18,424B5
CWT,2013-03-21,424B5
CRS,2013-02-22,424B5
LUMN,2013-03-18,424B5
LUMN,2013-03-19,424B5
CLF,2013-02-12,424B5
CLF,2013-02-19,424B5
CAG,2013-01-07,424B5
CAG,2013-01-08,424B5
CAG,2013-01-15,424B5
CAG,2013-01-16,424B5
CDP,2013-03-13,424B5
CDP,2013-03-15,424B5
CFR,2013-02-12,424B5
FHN,2013-01-28,424B5
FR,2013-03-06,424B5
GATX,2013-03-15,424B5
GT,2013-02-20,424B5
GPK,2013-03-25,424B5
GPK,2013-03-26,424B5
GPOR,2013-02-11,424B5
GPOR,2013-02-12,424B5
HE,2013-03-18,424B5
HR,2013-01-07,424B5
HCI,2013-01-09,424B5
HCI,2013-01-11,424B5
SAFE,2013-03-13,424B5
KBH,2013-01-22,424B5
KRC,2013-01-07,424B5
LXP,2013-01-11,424B5
LXP,2013-03-11,424B5
LXP,2013-03-13,424B5
MHO,2013-03-05,424B5
MHO,2013-03-06,424B5
MTZ,2013-03-01,424B5
MPT,2013-02-27,424B5
MPT,2013-02-28,424B5
MTG,2013-03-05,424B5
MTG,2013-03-08,424B5
MHK,2013-01-28,424B5
MHK,2013-01-29,424B5
NFG,2013-02-12,424B5
NFG,2013-02-13,424B5
NNN,2013-03-28,424B5
NEO,2013-02-21,424B5
NEO,2013-02-28,424B5
NXST,2013-02-07,424B5
NIC,2013-03-27,424B5
OHI,2013-03-18,424B5
PBI,2013-02-26,424B5
PBI,2013-02-28,424B5
PBI,2013-03-07,424B5
PEB,2013-03-11,424B5
PEB,2013-03-12,424B5
RDN,2013-02-25,424B5
RDN,2013-02-28,424B5
BFS,2013-01-29,424B5
BFS,2013-01-31,424B5
SIGI,2013-02-05,424B5
SIGI,2013-02-07,424B5
HTO,2013-03-27,424B5
STAG,2013-01-15,424B5
STAG,2013-01-17,424B5
STWD,2013-02-11,424B5
STWD,2013-02-12,424B5
SBRA,2013-03-14,424B5
SBRA,2013-03-15,424B5
SBRA,2013-03-18,424B5
SHO,2013-01-28,424B5
SHO,2013-01-30,424B5
TCBI,2013-03-21,424B5
INVA,2013-01-18,424B5
TRNO,2013-02-19,424B5
TRNO,2013-02-20,424B5
VNO,2013-01-16,424B5
VNO,2013-01-18,424B5
TNL,2013-02-19,424B5
BXMT,2013-05-23,424B4
BFAM,2013-06-13,424B4
COTY,2013-06-13,424B4
EVTC,2013-04-15,424B4
FIVE,2013-06-27,424B4
PTCT,2013-06-20,424B4
RH,2013-05-16,424B4
PRKS,2013-04-19,424B4
ACAD,2013-05-14,424B5
ACAD,2013-05-15,424B5
AKR,2013-04-02,424B5
ABR,2013-05-06,424B5
ABR,2013-05-08,424B5
AAT,2013-05-06,424B5
OPCH,2013-04-16,424B5
OPCH,2013-04-22,424B5
CMC,2013-05-06,424B5
CMC,2013-05-09,424B5
CMC,2013-05-17,424B5
CUZ,2013-04-08,424B5
CUZ,2013-04-10,424B5
ENOV,2013-05-06,424B5
ENOV,2013-05-09,424B5
CUBE,2013-05-07,424B5
CUBI,2013-05-09,424B5
CUBI,2013-05-16,424B5
EPR,2013-06-13,424B5
EPR,2013-06-14,424B5
VTOL,2013-05-10,424B5
EFC,2013-05-08,424B5
EFC,2013-05-10,424B5
BANC,2013-06-05,424B5
BANC,2013-06-06,424B5
BANC,2013-06-20,424B5
BANC,2013-06-24,424B5
GEO,2013-05-08,424B5
H,2013-05-07,424B5
CSR,2013-04-01,424B5
SAFE,2013-05-09,424B5
KRG,2013-04-08,424B5
KRG,2013-04-10,424B5
LTC,2013-05-02,424B5
LTC,2013-05-03,424B5
MDU,2013-05-20,424B5
CASH,2013-06-10,424B5
NNN,2013-04-09,424B5
NNN,2013-04-10,424B5
NNN,2013-05-22,424B5
NNN,2013-05-23,424B5
ADAM,2013-04-29,424B5
ADAM,2013-05-01,424B5
ADAM,2013-05-28,424B5
ADAM,2013-05-29,424B5
NXST,2013-05-01,424B5
NOG,2013-05-08,424B5
NOG,2013-05-09,424B5
POR,2013-06-10,424B5
RS,2013-04-09,424B5
RS,2013-04-10,424B5
RNR,2013-05-20,424B5
ZWS,2013-06-17,424B5
SCI,2013-06-06,424B5
STAG,2013-04-09,424B5
STAG,2013-04-10,424B5
STWD,2013-04-08,424B5
STWD,2013-04-11,424B5
STWD,2013-06-27,424B5
SBRA,2013-05-20,424B5
SBRA,2013-05-21,424B5
TGTX,2013-06-21,424B5
TOL,2013-04-03,424B5
TOL,2013-04-04,424B5
TOL,2013-05-08,424B5
TOL,2013-05-09,424B5
AMH,2013-08-02,424B4
EVTC,2013-09-13,424B4
FOXF,2013-08-08,424B4
IRT,2013-08-14,424B4
CWEN,2013-07-18,424B4
RH,2013-07-15,424B4
REXR,2013-07-22,424B4
RNG,2013-09-27,424B4
SFM,2013-08-02,424B4
SPNT,2013-08-19,424B4
VCEL,2013-08-14,424B5
AMG,2013-08-06,424B5
ATI,2013-07-10,424B5
ABR,2013-09-23,424B5
ALLY,2013-07-15,424B5
ALLY,2013-09-04,424B5
BYD,2013-07-31,424B5
BYD,2013-08-02,424B5
OPCH,2013-08-14,424B5
OPCH,2013-08-15,424B5
CDP,2013-09-09,424B5
CDP,2013-09-11,424B5
CUZ,2013-07-29,424B5
CUZ,2013-07-31,424B5
CHEF,2013-09-16,424B5
CHEF,2013-09-20,424B5
CUBI,2013-07-22,424B5
CUBI,2013-07-26,424B5
DAN,2013-07-30,424B5
DAN,2013-07-31,424B5
DXPE,2013-09-18,424B5
EPAM,2013-08-30,424B5
EPAM,2013-09-17,424B5
FR,2013-08-06,424B5
HIW,2013-08-07,424B5
HIW,2013-08-09,424B5
IDA,2013-07-12,424B5
SNEX,2013-07-11,424B5
SNEX,2013-07-16,424B5
CSR,2013-07-18,424B5
CSR,2013-08-30,424B5
KRC,2013-09-11,424B5
KRC,2013-09-12,424B5
KSS,2013-09-05,424B5
KSS,2013-09-06,424B5
LNC,2013-08-14,424B5
MPT,2013-08-14,424B5
MPT,2013-09-23,424B5
M,2013-09-03,424B5
MTDR,2013-09-05,424B5
PMT,2013-08-13,424B5
PMT,2013-08-15,424B5
RGA,2013-08-19,424B5
RGA,2013-09-19,424B5
RLI,2013-09-25,424B5
RLI,2013-09-27,424B5
STWD,2013-07-01,424B5
STWD,2013-09-09,424B5
STWD,2013-09-12,424B5
SRPT,2013-07-03,424B5
TGTX,2013-07-17,424B5
TGTX,2013-07-18,424B5
TRNO,2013-07-11,424B5
TRNO,2013-07-12,424B5
UMBF,2013-09-09,424B5
UMBF,2013-09-11,424B5
UCB,2013-08-02,424B5
VRTS,2013-09-09,424B5
VRTS,2013-09-12,424B5
WWW,2013-08-06,424B5
WU,2013-08-19,424B5
XPO,2013-08-05,424B5
XPO,2013-08-09,424B5
ADMA,2013-10-17,424B4
AR,2013-10-10,424B4
ARMK,2013-12-12,424B4
APAM,2013-11-01,424B4
BCC,2013-11-08,424B4
BAH,2013-11-15,424B4
BRX,2013-10-31,424B4
BURL,2013-10-03,424B4
EVTC,2013-12-11,424B4
ESNT,2013-11-01,424B4
GWRE,2013-10-23,424B4
LGIH,2013-11-08,424B4
NMIH,2013-11-08,424B4
NMIH,2013-12-09,424B4
PRKS,2013-12-12,424B4
SFM,2013-11-27,424B4
TNDM,2013-11-14,424B4
VCYT,2013-10-30,424B4
XNCR,2013-12-03,424B4
VCEL,2013-11-29,424B5
AAP,2013-11-25,424B5
ADC,2013-11-21,424B5
DCH,2013-11-06,424B5
BMRN,2013-10-07,424B5
BMRN,2013-10-09,424B5
BKH,2013-11-14,424B5
BXMT,2013-11-18,424B5
BXMT,2013-11-21,424B5
DCOM,2013-10-01,424B5
DCOM,2013-10-03,424B5
CATY,2013-12-04,424B5
LUMN,2013-11-14,424B5
LUMN,2013-11-15,424B5
CXT,2013-12-10,424B5
CUBE,2013-12-10,424B5
CUBE,2013-12-11,424B5
DAR,2013-12-09,424B5
DAR,2013-12-13,424B5
DXPE,2013-12-16,424B5
EPAM,2013-11-25,424B5
EPR,2013-10-21,424B5
FLS,2013-10-28,424B5
FLS,2013-10-29,424B5
FMC,2013-11-12,424B5
FNB,2013-10-29,424B5
FNB,2013-10-31,424B5
GATX,2013-11-15,424B5
GPOR,2013-11-06,424B5
GPOR,2013-11-08,424B5
HR,2013-11-01,424B5
IART,2013-11-04,424B5
KBH,2013-10-15,424B5
KRC,2013-10-02,424B5
KRG,2013-11-06,424B5
KRG,2013-11-07,424B5
BBWI,2013-10-10,424B5
JEF,2013-10-03,424B5
JEF,2013-10-15,424B5
JEF,2013-10-16,424B5
JEF,2013-10-21,424B5
JEF,2013-10-22,424B5
LXP,2013-10-10,424B5
LXP,2013-10-15,424B5
LGND,2013-10-16,424B5
MMI,2013-10-31,424B5
NHI,2013-11-20,424B5
NHI,2013-11-22,424B5
CHRD,2013-12-05,424B5
PEB,2013-10-31,424B5
RPM,2013-12-02,424B5
RPM,2013-12-05,424B5
SBCF,2013-11-05,424B5
SBCF,2013-11-07,424B5
SLM,2013-12-11,424B5
SLM,2013-12-13,424B5
SPSC,2013-11-18,424B5
SPSC,2013-11-20,424B5
SHO,2013-10-28,424B5
SHO,2013-10-31,424B5
SKT,2013-11-18,424B5
SKT,2013-11-20,424B5
TOL,2013-11-07,424B5
TOL,2013-11-08,424B5
TOL,2013-11-12,424B5
TOL,2013-11-14,424B5
TTMI,2013-12-16,424B5
TTMI,2013-12-17,424B5
WU,2013-11-19,424B5
YELP,2013-10-29,424B5
YELP,2013-10-31,424B5
ATEN,2014-03-21,424B4
APAM,2014-03-07,424B4
BLFS,2014-03-21,424B4
BAH,2014-02-14,424B4
OUT,2014-03-28,424B4
CG,2014-03-06,424B4
IRT,2014-01-24,424B4
IBP,2014-02-13,424B4
PTCT,2014-02-14,424B4
PCTY,2014-03-19,424B4
QTWO,2014-03-20,424B4
RNG,2014-03-07,424B4
SFM,2014-03-28,424B4
VCEL,2014-03-21,424B5
ACAD,2014-03-03,424B5
ACAD,2014-03-05,424B5
ABR,2014-02-14,424B5
ABR,2014-02-20,424B5
ABR,2014-02-24,424B5
ARWR,2014-02-19,424B5
ARWR,2014-02-21,424B5
ALKS,2014-01-13,424B5
ALLY,2014-01-22,424B5
BMRN,2014-03-04,424B5
BMRN,2014-03-06,424B5
BXMT,2014-01-08,424B5
BXMT,2014-01-10,424B5
BXMT,2014-03-25,424B5
CUZ,2014-03-05,424B5
CUZ,2014-03-07,424B5
CYTK,2014-02-19,424B5
CYTK,2014-02-20,424B5
ENOV,2014-02-12,424B5
ENOV,2014-02-14,424B5
EGP,2014-02-19,424B5
EXEL,2014-01-22,424B5
EXEL,2014-01-23,424B5
ENVA,2014-01-13,424B5
FR,2014-03-12,424B5
FR,2014-03-13,424B5
GATX,2014-02-28,424B5
HALO,2014-02-03,424B5
HALO,2014-02-05,424B5
HR,2014-02-28,424B5
KBH,2014-03-19,424B5
KMPR,2014-02-20,424B5
KMPR,2014-02-21,424B5
LEA,2014-03-11,424B5
MPT,2014-01-10,424B5
MPT,2014-03-05,424B5
MTH,2014-01-09,424B5
MTH,2014-01-10,424B5
NHI,2014-03-19,424B5
NHI,2014-03-20,424B5
NBIX,2014-02-25,424B5
NBIX,2014-02-27,424B5
ADAM,2014-01-06,424B5
ADAM,2014-01-07,424B5
PBI,2014-03-04,424B5
PBI,2014-03-06,424B5
PEB,2014-03-05,424B5
PMT,2014-02-12,424B5
POST,2014-03-10,424B5
POST,2014-03-14,424B5
ZWS,2014-01-28,424B5
ZWS,2014-01-31,424B5
SLM,2014-03-24,424B5
SLM,2014-03-26,424B5
SBRA,2014-01-08,424B5
SBRA,2014-01-09,424B5
SHO,2014-02-20,424B5
TCBI,2014-01-23,424B5
TGTX,2014-03-12,424B5
TRNO,2014-02-28,424B5
UCB,2014-03-25,424B5
UNM,2014-03-13,424B5
WPC,2014-03-11,424B5
WHR,2014-02-21,424B5
XPO,2014-01-28,424B5
XPO,2014-02-03,424B5
ALLY,2014-04-11,424B4
AMH,2014-05-01,424B4
AMPH,2014-06-25,424B4
ARMK,2014-05-30,424B4
BAH,2014-05-30,424B4
BRX,2014-06-26,424B4
BURL,2014-05-02,424B4
CCS,2014-06-18,424B4
LPG,2014-05-09,424B4
PLUS,2014-05-01,424B4
FIVN,2014-04-04,424B4
IBP,2014-06-12,424B4
MC,2014-04-17,424B4
RITM,2014-04-28,424B4
PAHC,2014-04-14,424B4
PAYC,2014-04-15,424B4
SABR,2014-04-17,424B4
PRKS,2014-04-04,424B4
SFBS,2014-05-14,424B4
VCEL,2014-04-25,424B5
VCEL,2014-05-05,424B5
VCEL,2014-05-12,424B5
VCEL,2014-05-16,424B5
VCEL,2014-05-19,424B5
VCEL,2014-06-16,424B5
VCEL,2014-06-27,424B5
AKR,2014-05-02,424B5
ABR,2014-05-07,424B5
ABR,2014-05-09,424B5
ACHC,2014-06-10,424B5
ACHC,2014-06-12,424B5
ALGT,2014-06-16,424B5
ALGT,2014-06-23,424B5
BANC,2014-05-14,424B5
BANC,2014-05-15,424B5
BANC,2014-05-19,424B5
BXMT,2014-04-01,424B5
BXMT,2014-04-03,424B5
BXMT,2014-05-12,424B5
CBSH,2014-06-12,424B5
CBSH,2014-06-16,424B5
CRK,2014-05-12,424B5
CDP,2014-05-14,424B5
CDP,2014-05-15,424B5
CUBE,2014-05-05,424B5
EMN,2014-05-06,424B5
EMN,2014-05-07,424B5
FN,2014-05-28,424B5
FN,2014-05-29,424B5
GIII,2014-06-23,424B5
GIII,2014-06-25,424B5
HR,2014-06-23,424B5
HR,2014-06-25,424B5
SAFE,2014-06-11,424B5
IRDM,2014-05-12,424B5
LMAT,2014-05-29,424B5
LMAT,2014-05-30,424B5
LXP,2014-05-13,424B5
LXP,2014-05-14,424B5
MPT,2014-04-10,424B5
M,2014-05-20,424B5
MTDR,2014-05-27,424B5
NNN,2014-05-05,424B5
NNN,2014-05-06,424B5
ADAM,2014-04-01,424B5
ADAM,2014-04-02,424B5
OTTR,2014-05-14,424B5
PCRX,2014-04-07,424B5
PCRX,2014-04-09,424B5
POST,2014-05-19,424B5
POST,2014-05-23,424B5
RDN,2014-05-06,424B5
RDN,2014-05-08,424B5
RRC,2014-06-11,424B5
RRC,2014-06-13,424B5
STWD,2014-04-07,424B5
STWD,2014-04-10,424B5
STWD,2014-05-27,424B5
STRL,2014-05-01,424B5
SBRA,2014-05-06,424B5
SBRA,2014-05-07,424B5
SRPT,2014-04-23,424B5
SRPT,2014-04-24,424B5
SHO,2014-06-19,424B5
SHO,2014-06-24,424B5
TRST,2014-04-11,424B5
TRNO,2014-05-21,424B5
TRNO,2014-05-22,424B5
WAL,2014-06-05,424B5
WOR,2014-04-10,424B5
VCEL,2014-09-11,424B4
WMS,2014-07-28,424B4
FOXF,2014-07-11,424B4
HQY,2014-08-01,424B4
CPRI,2014-09-05,424B4
CWEN,2014-07-25,424B4
TRUP,2014-07-18,424B4
VCEL,2014-08-15,424B5
VCEL,2014-09-03,424B5
VCEL,2014-09-17,424B5
AFG,2014-09-16,424B5
AFG,2014-09-17,424B5
ABR,2014-08-04,424B5
ABR,2014-08-06,424B5
ALLY,2014-09-24,424B5
AMH,2014-08-13,424B5
AMH,2014-08-18,424B5
BXMT,2014-09-18,424B5
BXMT,2014-09-22,424B5
TBBK,2014-07-11,424B5
AX,2014-07-22,424B5
CAG,2014-07-21,424B5
CAG,2014-07-22,424B5
CUZ,2014-07-29,424B5
CUZ,2014-07-31,424B5
EPAM,2014-08-21,424B5
EPAM,2014-09-22,424B5
EPR,2014-09-17,424B5
EPR,2014-09-19,424B5
EFC,2014-09-02,424B5
EFC,2014-09-03,424B5
VAL,2014-09-24,424B5
VAL,2014-09-25,424B5
FCFS,2014-07-17,424B5
GEO,2014-09-22,424B5
GEO,2014-09-24,424B5
EHC,2014-09-04,424B5
EHC,2014-09-05,424B5
IRT,2014-07-14,424B5
IRT,2014-07-16,424B5
KRC,2014-07-29,424B5
KRC,2014-07-30,424B5
KRC,2014-07-31,424B5
MAC,2014-08-20,424B5
NEO,2014-08-14,424B5
NEO,2014-08-15,424B5
ONB,2014-08-13,424B5
ORI,2014-09-22,424B5
ORI,2014-09-23,424B5
PARR,2014-07-22,424B5
PEB,2014-09-03,424B5
PEB,2014-09-29,424B5
REXR,2014-08-12,424B5
REXR,2014-08-14,424B5
SBRA,2014-09-29,424B5
SBRA,2014-09-30,424B5
TRN,2014-09-22,424B5
TRN,2014-09-23,424B5
WPC,2014-09-22,424B5
WMS,2014-12-04,424B4
ALLY,2014-12-19,424B4
ARMK,2014-12-12,424B4
BAH,2014-11-07,424B4
BRX,2014-11-13,424B4
BRX,2014-12-11,424B4
FRPT,2014-11-10,424B4
MC,2014-11-20,424B4
PCTY,2014-12-12,424B4
ESI,2014-11-13,424B4
TFIN,2014-11-07,424B4
VCEL,2014-11-14,424B5
AKR,2014-10-29,424B5
AKR,2014-10-31,424B5
AKR,2014-12-02,424B5
AKR,2014-12-11,424B5
AKR,2014-12-15,424B5
ADC,2014-12-03,424B5
ADC,2014-12-04,424B5
ANIP,2014-12-04,424B5
ANIP,2014-12-08,424B5
ASB,2014-11-07,424B5
ALLY,2014-11-12,424B5
BANC,2014-11-04,424B5
BGC,2014-11-20,424B5
BRX,2014-11-10,424B5
CDP,2014-10-30,424B5
CDP,2014-11-03,424B5
CUBE,2014-10-02,424B5
CUBE,2014-10-14,424B5
CUBE,2014-10-16,424B5
DAN,2014-12-04,424B5
DAN,2014-12-05,424B5
DRH,2014-11-24,424B5
EMN,2014-11-10,424B5
EMN,2014-11-13,424B5
ESNT,2014-11-17,424B5
ESNT,2014-11-20,424B5
FLR,2014-11-18,424B5
FLR,2014-11-19,424B5
FULT,2014-11-12,424B5
GATX,2014-10-29,424B5
GEO,2014-11-10,424B5
GPK,2014-10-23,424B5
GPK,2014-10-24,424B5
HR,2014-11-03,424B5
HR,2014-11-06,424B5
HASI,2014-10-27,424B5
HASI,2014-10-29,424B5
IRT,2014-11-19,424B5
IRT,2014-11-21,424B5
CSR,2014-10-27,424B5
KRC,2014-12-12,424B5
LEA,2014-11-18,424B5
LEG,2014-11-05,424B5
LTC,2014-12-18,424B5
CASH,2014-12-17,424B5
M,2014-11-13,424B5
NHI,2014-12-01,424B5
NHI,2014-12-03,424B5
NNN,2014-11-10,424B5
NNN,2014-11-12,424B5
NAVI,2014-11-03,424B5
ADAM,2014-11-20,424B5
ADAM,2014-11-24,424B5
NWL,2014-11-14,424B5
NWL,2014-11-17,424B5
OII,2014-11-18,424B5
OII,2014-11-19,424B5
OGE,2014-11-19,424B5
OC,2014-11-04,424B5
PAG,2014-11-18,424B5
PAG,2014-11-19,424B5
PAG,2014-11-20,424B5
PRGO,2014-11-24,424B5
PRGO,2014-11-26,424B5
PTCT,2014-10-08,424B5
PTCT,2014-10-10,424B5
PEB,2014-10-27,424B5
BFS,2014-11-06,424B5
BFS,2014-11-07,424B5
STAG,2014-10-14,424B5
STAG,2014-10-16,424B5
STWD,2014-10-02,424B5
STWD,2014-10-06,424B5
SBRA,2014-10-01,424B5
SBRA,2014-10-02,424B5
SBRA,2014-12-01,424B5
SKT,2014-11-12,424B5
SKT,2014-11-14,424B5
TCBI,2014-11-12,424B5
TRNO,2014-12-08,424B5
TRNO,2014-12-09,424B5
WHR,2014-10-31,424B5
BOX,2015-01-23,424B4
BOOT,2015-02-27,424B4
BAH,2015-02-04,424B4
BRX,2015-03-24,424B4
DEA,2015-02-09,424B4
PAYC,2015-01-15,424B4
QTWO,2015-02-27,424B4
SABR,2015-02-05,424B4
SEDG,2015-03-26,424B4
SFM,2015-03-05,424B4
ADMA,2015-03-12,424B5
ADMA,2015-03-13,424B5
ALLY,2015-02-10,424B5
ALLY,2015-03-25,424B5
AAT,2015-02-06,424B5
APAM,2015-03-05,424B5
BANC,2015-03-30,424B5
BMRN,2015-01-21,424B5
BMRN,2015-01-22,424B5
BWA,2015-03-09,424B5
AX,2015-02-24,424B5
BRX,2015-01-12,424B5
BRX,2015-02-17,424B5
BRX,2015-03-23,424B5
CWST,2015-02-06,424B5
CWST,2015-02-10,424B5
CDP,2015-03-26,424B5
ENSG,2015-02-09,424B5
ENSG,2015-02-12,424B5
EPR,2015-03-09,424B5
EPR,2015-03-10,424B5
VAL,2015-03-04,424B5
VAL,2015-03-05,424B5
FLS,2015-02-23,424B5
FLS,2015-03-11,424B5
GATX,2015-02-04,424B5
EHC,2015-01-20,424B5
EHC,2015-01-21,424B5
KBH,2015-02-11,424B5
KMPR,2015-02-19,424B5
KMPR,2015-02-20,424B5
KRG,2015-03-04,424B5
LNC,2015-03-06,424B5
MTSI,2015-02-02,424B5
MTSI,2015-02-06,424B5
MPT,2015-01-07,424B5
MHK,2015-03-06,424B5
MMI,2015-03-10,424B5
MMI,2015-03-13,424B5
NHI,2015-02-17,424B5
NNN,2015-02-26,424B5
NAVI,2015-03-25,424B5
NBIX,2015-02-17,424B5
NBIX,2015-02-19,424B5
ADAM,2015-03-20,424B5
CHRD,2015-03-04,424B5
POST,2015-01-26,424B5
POST,2015-01-29,424B5
RNR,2015-03-23,424B5
REXR,2015-01-28,424B5
REXR,2015-01-29,424B5
TNDM,2015-02-24,424B5
TNDM,2015-03-02,424B5
TRNO,2015-03-31,424B5
SPNT,2015-02-06,424B5
SPNT,2015-02-12,424B5
WPC,2015-01-14,424B5
WPC,2015-01-21,424B5
WHR,2015-03-09,424B5
XNCR,2015-02-23,424B5
XNCR,2015-02-25,424B5
APPF,2015-06-26,424B4
ALRM,2015-06-26,424B4
COLL,2015-05-07,424B4
ETSY,2015-04-16,424B4
FRPT,2015-04-30,424B4
GKOS,2015-06-25,424B4
HQY,2015-05-06,424B4
LNTH,2015-06-26,424B4
MC,2015-05-04,424B4
CWEN,2015-06-22,424B4
ESI,2015-06-25,424B4
TRU,2015-06-25,424B4
VIRT,2015-04-16,424B4
WING,2015-06-12,424B4
ADC,2015-05-06,424B5
ASB,2015-06-02,424B5
ACHC,2015-05-04,424B5
ACHC,2015-05-06,424B5
ALLY,2015-05-14,424B5
AAT,2015-05-27,424B5
ARR,2015-05-22,424B5
BANC,2015-04-02,424B5
BXMT,2015-04-13,424B5
BXMT,2015-04-14,424B5
BXMT,2015-06-02,424B5
BXMT,2015-06-03,424B5
BYD,2015-05-07,424B5
BYD,2015-05-08,424B5
BRX,2015-06-08,424B5
CNO,2015-05-11,424B5
CNO,2015-05-15,424B5
CDP,2015-06-22,424B5
CDP,2015-06-24,424B5
CG,2015-06-01,424B5
CUBI,2015-05-11,424B5
CUBI,2015-05-12,424B5
ELS,2015-05-05,424B5
FULT,2015-06-08,424B5
FBIN,2015-06-08,424B5
FBIN,2015-06-10,424B5
GPOR,2015-04-15,424B5
GPOR,2015-04-20,424B5
GPOR,2015-06-09,424B5
GPOR,2015-06-11,424B5
GRBK,2015-06-22,424B5
GRBK,2015-06-26,424B5
HSTM,2015-05-18,424B5
HSTM,2015-05-22,424B5
HASI,2015-04-28,424B5
HASI,2015-05-01,424B5
KRC,2015-06-30,424B5
MHK,2015-06-02,424B5
MHK,2015-06-04,424B5
MOH,2015-06-01,424B5
MOH,2015-06-05,424B5
MTDR,2015-04-17,424B5
NFG,2015-06-22,424B5
NFG,2015-06-23,424B5
ADAM,2015-04-15,424B5
ADAM,2015-04-16,424B5
CWEN,2015-06-24,424B5
RITM,2015-04-07,424B5
RITM,2015-04-10,424B5
RITM,2015-06-10,424B5
OTTR,2015-05-11,424B5
PAYC,2015-05-18,424B5
RDN,2015-06-15,424B5
RDN,2015-06-17,424B5
RPM,2015-05-26,424B5
RPM,2015-05-27,424B5
REXR,2015-04-17,424B5
SM,2015-05-07,424B5
STWD,2015-04-14,424B5
STWD,2015-04-16,424B5
SBRA,2015-06-24,424B5
SBRA,2015-06-26,424B5
UNM,2015-06-25,424B5
WPC,2015-06-03,424B5
WTFC,2015-06-23,424B5
WSC,2015-09-14,424B4
HLI,2015-08-14,424B4
OLLI,2015-07-17,424B4
PCTY,2015-09-25,424B4
PEN,2015-09-18,424B4
PLNT,2015-08-06,424B4
QTWO,2015-09-25,424B4
SHAK,2015-08-13,424B4
RUN,2015-08-05,424B4
AN,2015-09-16,424B5
AN,2015-09-18,424B5
ARR,2015-08-03,424B5
CXW,2015-09-21,424B5
CXW,2015-09-22,424B5
CYTK,2015-09-17,424B5
CTRE,2015-08-10,424B5
CTRE,2015-08-14,424B5
DRH,2015-08-10,424B5
DEI,2015-08-04,424B5
EXEL,2015-07-21,424B5
EXEL,2015-07-24,424B5
FFBC,2015-08-20,424B5
FFBC,2015-08-21,424B5
FNB,2015-09-28,424B5
HRB,2015-09-25,424B5
HOG,2015-07-23,424B5
HOG,2015-07-24,424B5
HQY,2015-09-21,424B5
HQY,2015-09-23,424B5
HXL,2015-07-29,424B5
IART,2015-08-03,424B5
KRC,2015-09-09,424B5
KRC,2015-09-10,424B5
KSS,2015-07-14,424B5
KSS,2015-07-16,424B5
LGIH,2015-09-04,424B5
MPT,2015-08-04,424B5
MPT,2015-08-12,424B5
OHI,2015-09-03,424B5
PAYC,2015-09-17,424B5
POST,2015-08-10,424B5
POST,2015-08-13,424B5
SCI,2015-08-11,424B5
UCB,2015-07-30,424B5
VCEL,2015-07-29,424B5
TNL,2015-09-10,424B5
BAH,2015-11-05,424B4
EVR,2015-11-02,424B4
EVR,2015-11-06,424B4
PFGC,2015-10-02,424B4
P,2015-10-07,424B4
TLN,2015-11-05,424B4
TLN,2015-11-09,424B4
TLN,2015-12-22,424B4
TLN,2015-12-28,424B4
VIRT,2015-11-13,424B4
ADC,2015-12-07,424B5
ADC,2015-12-09,424B5
AFG,2015-11-09,424B5
AFG,2015-11-10,424B5
ALLY,2015-11-02,424B5
ALLY,2015-11-17,424B5
BKH,2015-11-16,424B5
BKH,2015-11-19,424B5
BWA,2015-11-02,424B5
BKU,2015-11-12,424B5
CENTA,2015-11-04,424B5
COKE,2015-11-20,424B5
CUBE,2015-10-19,424B5
CUBE,2015-10-20,424B5
CUBE,2015-12-30,424B5
CUBI,2015-12-23,424B5
DXPE,2015-12-04,424B5
FNB,2015-10-01,424B5
GT,2015-11-02,424B5
HMN,2015-11-18,424B5
HASI,2015-10-13,424B5
HASI,2015-10-14,424B5
M,2015-12-07,424B5
NNN,2015-10-14,424B5
NNN,2015-10-15,424B5
FLG,2015-11-02,424B5
NWL,2015-10-14,424B5
NWL,2015-10-16,424B5
PARR,2015-11-23,424B5
PBF,2015-10-05,424B5
PBF,2015-10-08,424B5
PAYC,2015-11-16,424B5
SRPT,2015-10-05,424B5
SRPT,2015-10-06,424B5
TOL,2015-10-27,424B5
TOL,2015-10-29,424B5
UNM,2015-11-02,424B5
WAL,2015-10-30,424B5
COLL,2016-01-08,424B4
OLLI,2016-02-22,424B4
PR,2016-02-25,424B4
TLN,2016-01-04,424B4
TLN,2016-01-19,424B4
TLN,2016-02-08,424B4
WING,2016-03-09,424B4
ACAD,2016-01-05,424B5
ACAD,2016-01-07,424B5
AVA,2016-03-02,424B5
ACHC,2016-01-05,424B5
ACHC,2016-01-08,424B5
BANC,2016-02-01,424B5
BANC,2016-02-03,424B5
BANC,2016-03-02,424B5
BANC,2016-03-04,424B5
BKH,2016-01-08,424B5
BKH,2016-03-18,424B5
LUMN,2016-03-22,424B5
LUMN,2016-03-23,424B5
CXW,2016-02-29,424B5
CTRE,2016-03-21,424B5
CTRE,2016-03-23,424B5
CUBI,2016-01-22,424B5
CUBI,2016-01-25,424B5
EPR,2016-01-14,424B5
EPR,2016-01-19,424B5
FR,2016-03-31,424B5
FLR,2016-03-08,424B5
FLR,2016-03-14,424B5
FLR,2016-03-15,424B5
FNB,2016-02-24,424B5
GPOR,2016-03-09,424B5
GPOR,2016-03-11,424B5
GLPI,2016-03-28,424B5
HR,2016-01-27,424B5
HL,2016-02-23,424B5
H,2016-02-29,424B5
SAFE,2016-03-24,424B5
MPT,2016-02-17,424B5
MPT,2016-03-01,424B5
MTDR,2016-03-09,424B5
NNN,2016-03-18,424B5
NWL,2016-03-15,424B5
NWL,2016-03-22,424B5
CHRD,2016-01-28,424B5
PRGO,2016-03-07,424B5
PRGO,2016-03-09,424B5
RDN,2016-03-14,424B5
RDN,2016-03-16,424B5
STAG,2016-03-09,424B5
STAG,2016-03-11,424B5
SHO,2016-03-03,424B5
SHO,2016-03-04,424B5
WFRD,2016-03-03,424B5
BAH,2016-05-25,424B4
BRX,2016-05-02,424B4
OLLI,2016-06-07,424B4
PFGC,2016-05-19,424B4
PLNT,2016-06-24,424B4
TWLO,2016-06-23,424B4
USFD,2016-05-27,424B4
AKR,2016-04-04,424B5
AKR,2016-04-06,424B5
ADMA,2016-04-27,424B5
ADMA,2016-04-28,424B5
AMG,2016-06-06,424B5
AMG,2016-06-07,424B5
AMG,2016-06-08,424B5
ADC,2016-05-04,424B5
ADC,2016-05-06,424B5
ATI,2016-05-19,424B5
ALLY,2016-04-06,424B5
AMH,2016-05-16,424B5
AMH,2016-05-17,424B5
AMH,2016-06-21,424B5
AMH,2016-06-23,424B5
BANC,2016-05-06,424B5
BANC,2016-05-09,424B5
OPCH,2016-06-13,424B5
OPCH,2016-06-20,424B5
BRX,2016-04-28,424B5
BRX,2016-06-30,424B5
CTRE,2016-05-13,424B5
CDE,2016-05-13,424B5
CUBI,2016-04-21,424B5
CUBI,2016-04-22,424B5
EMN,2016-05-19,424B5
EMN,2016-05-20,424B5
DEA,2016-06-01,424B5
DEA,2016-06-03,424B5
VAL,2016-04-14,424B5
VAL,2016-04-18,424B5
FR,2016-04-01,424B5
GATX,2016-05-11,424B5
GEO,2016-04-11,424B5
GEO,2016-04-13,424B5
GTY,2016-06-06,424B5
GT,2016-05-10,424B5
GLPI,2016-04-01,424B5
GLPI,2016-04-11,424B5
HR,2016-04-05,424B5
HR,2016-04-07,424B5
HLX,2016-04-25,424B5
HASI,2016-05-09,424B5
HASI,2016-06-15,424B5
HASI,2016-06-17,424B5
BBWI,2016-06-13,424B5
BBWI,2016-06-14,424B5
MRCY,2016-04-04,424B5
OHI,2016-06-30,424B5
PAG,2016-05-11,424B5
PAG,2016-05-12,424B5
PEB,2016-06-02,424B5
PEB,2016-06-03,424B5
RGA,2016-06-01,424B5
RGEN,2016-05-18,424B5
RGEN,2016-05-20,424B5
REXR,2016-04-11,424B5
REXR,2016-04-12,424B5
REXR,2016-05-12,424B5
STRL,2016-05-04,424B5
SRPT,2016-06-10,424B5
SHO,2016-05-09,424B5
SHO,2016-05-11,424B5
TFX,2016-05-12,424B5
MTUS,2016-05-24,424B5
MTUS,2016-05-26,424B5
UA,2016-06-08,424B5
UNM,2016-05-04,424B5
VOYA,2016-06-06,424B5
WAL,2016-06-09,424B5
WAL,2016-06-13,424B5
WHR,2016-05-19,424B5
WTFC,2016-06-08,424B5
WSFS,2016-06-08,424B5
WSFS,2016-06-10,424B5
WFRD,2016-06-03,424B5
WFRD,2016-06-13,424B5
CLF,2016-08-12,424B4
FBK,2016-09-19,424B4
FHB,2016-08-05,424B4
PI,2016-07-21,424B4
KNSL,2016-07-29,424B4
MEDP,2016-08-11,424B4
NTNX,2016-09-30,424B4
PARR,2016-08-26,424B4
PLNT,2016-09-22,424B4
PLNT,2016-09-26,424B4
PTGX,2016-08-12,424B4
VVV,2016-09-26,424B4
WING,2016-08-09,424B4
ELF,2016-09-22,424B4
ACAD,2016-08-08,424B5
ACAD,2016-08-10,424B5
AKR,2016-07-05,424B5
AKR,2016-08-08,424B5
AKR,2016-08-10,424B5
AMG,2016-08-17,424B5
AFG,2016-08-15,424B5
AFG,2016-08-16,424B5
ABR,2016-08-10,424B5
ABR,2016-09-29,424B5
ABR,2016-09-30,424B5
ASB,2016-09-08,424B5
ALGT,2016-09-13,424B5
BANC,2016-08-04,424B5
BDC,2016-07-20,424B5
BMRN,2016-08-09,424B5
BMRN,2016-08-10,424B5
BKH,2016-08-10,424B5
BXMT,2016-07-29,424B5
BRX,2016-07-01,424B5
BRX,2016-08-03,424B5
BRX,2016-08-12,424B5
CNH,2016-08-04,424B5
CDP,2016-09-12,424B5
CDE,2016-09-09,424B5
CUBE,2016-08-08,424B5
CUBE,2016-08-10,424B5
CUBE,2016-08-11,424B5
CUBI,2016-08-11,424B5
CUBI,2016-09-09,424B5
CUBI,2016-09-13,424B5
DXPE,2016-09-08,424B5
EXP,2016-07-29,424B5
ENPH,2016-09-22,424B5
ENPH,2016-09-26,424B5
FLO,2016-09-23,424B5
FLO,2016-09-27,424B5
GATX,2016-09-09,424B5
GPK,2016-08-08,424B5
GPK,2016-08-09,424B5
GLPI,2016-08-09,424B5
HR,2016-07-07,424B5
HR,2016-07-08,424B5
HR,2016-09-07,424B5
HR,2016-09-09,424B5
HLX,2016-08-11,424B5
IRT,2016-09-27,424B5
IRT,2016-09-30,424B5
INGR,2016-09-15,424B5
INGR,2016-09-19,424B5
KRC,2016-09-29,424B5
LGIH,2016-09-08,424B5
LNTH,2016-09-08,424B5
LNTH,2016-09-12,424B5
MPT,2016-07-13,424B5
MPT,2016-09-26,424B5
MTG,2016-08-01,424B5
MTG,2016-08-04,424B5
MUR,2016-08-10,424B5
MUR,2016-08-15,424B5
NAVI,2016-07-26,424B5
NAVI,2016-09-13,424B5
ADAM,2016-08-25,424B5
CWEN,2016-08-09,424B5
RITM,2016-08-11,424B5
RITM,2016-08-12,424B5
ORI,2016-08-23,424B5
ORI,2016-08-24,424B5
CHRD,2016-09-13,424B5
OC,2016-08-03,424B5
OC,2016-08-05,424B5
PBI,2016-09-15,424B5
PBI,2016-09-19,424B5
ESI,2016-09-15,424B5
RNST,2016-08-15,424B5
RNST,2016-08-17,424B5
RNST,2016-08-19,424B5
REXR,2016-08-08,424B5
REXR,2016-08-10,424B5
SM,2016-08-08,424B5
SM,2016-08-09,424B5
SM,2016-09-07,424B5
SBSI,2016-09-12,424B5
SBSI,2016-09-15,424B5
SF,2016-07-13,424B5
SRPT,2016-09-21,424B5
SRPT,2016-09-23,424B5
SKT,2016-08-01,424B5
SKT,2016-08-02,424B5
UE,2016-08-08,424B5
VFC,2016-09-15,424B5
WPC,2016-09-07,424B5
GOLF,2016-10-31,424B4
BL,2016-10-28,424B4
BAH,2016-12-05,424B4
FBP,2016-11-30,424B4
HQY,2016-10-19,424B4
HQY,2016-10-24,424B4
ICHR,2016-12-12,424B4
PI,2016-12-02,424B4
IIPR,2016-12-02,424B4
KNSL,2016-12-01,424B4
PLNT,2016-11-16,424B4
PLNT,2016-11-18,424B4
TWLO,2016-10-21,424B4
ADC,2016-10-25,424B5
ADC,2016-10-26,424B5
ASH,2016-10-12,424B5
AVT,2016-11-29,424B5
ALGT,2016-11-30,424B5
ALGT,2016-12-01,424B5
AMH,2016-11-10,424B5
DCOM,2016-11-21,424B5
DCOM,2016-11-23,424B5
CHCO,2016-12-19,424B5
COLL,2016-10-25,424B5
COLL,2016-10-27,424B5
CTRE,2016-11-14,424B5
CTRE,2016-11-15,424B5
CCS,2016-11-07,424B5
CUBI,2016-11-03,424B5
CUBI,2016-11-04,424B5
DXPE,2016-10-20,424B5
EMN,2016-11-16,424B5
EMN,2016-11-17,424B5
EPR,2016-12-07,424B5
EPR,2016-12-08,424B5
ENPH,2016-12-23,424B5
FCPT,2016-12-05,424B5
GPOR,2016-12-15,424B5
GPOR,2016-12-19,424B5
GNL,2016-12-13,424B5
HLX,2016-10-27,424B5
HASI,2016-11-03,424B5
HASI,2016-11-07,424B5
KTOS,2016-11-17,424B5
KTOS,2016-11-18,424B5
LXP,2016-11-23,424B5
LNC,2016-12-07,424B5
LNTH,2016-11-16,424B5
LNTH,2016-11-17,424B5
MARA,2016-12-09,424B5
MARA,2016-12-12,424B5
MTDR,2016-12-07,424B5
NNN,2016-10-04,424B5
NNN,2016-10-06,424B5
NNN,2016-12-05,424B5
NNN,2016-12-07,424B5
CHRD,2016-10-18,424B5
CHRD,2016-10-20,424B5
PFGC,2016-11-17,424B5
RNST,2016-12-13,424B5
RNST,2016-12-15,424B5
ZWS,2016-11-30,424B5
SM,2016-12-01,424B5
SM,2016-12-05,424B5
SBSI,2016-12-05,424B5
STWD,2016-12-05,424B5
STWD,2016-12-07,424B5
SKT,2016-10-05,424B5
SKT,2016-10-06,424B5
TCBI,2016-11-28,424B5
TRNO,2016-12-16,424B5
UBSI,2016-12-16,424B5
AUB,2016-11-29,424B5
VCYT,2016-11-03,424B5
VSAT,2016-11-15,424B5
VSAT,2016-11-18,424B5
VCEL,2016-10-11,424B5
VCEL,2016-12-16,424B5
WHR,2016-10-31,424B5
WFRD,2016-11-16,424B5
WFRD,2016-11-18,424B5
XNCR,2016-10-05,424B5
XNCR,2016-11-30,424B5
XNCR,2016-12-01,424B5
FBP,2017-02-02,424B4
FBP,2017-02-03,424B4
VRRM,2017-01-13,424B4
HLNE,2017-03-01,424B4
KNTK,2017-03-30,424B4
LAUR,2017-02-02,424B4
TNDM,2017-03-24,424B4
USFD,2017-01-26,424B4
ELF,2017-03-31,424B4
ABR,2017-01-20,424B5
AMH,2017-03-22,424B5
AMH,2017-03-24,424B5
ABCB,2017-02-28,424B5
ABCB,2017-03-02,424B5
ABCB,2017-03-06,424B5
ABCB,2017-03-09,424B5
APLE,2017-02-28,424B5
APAM,2017-02-24,424B5
CLF,2017-02-09,424B5
CLF,2017-02-13,424B5
COLL,2017-03-13,424B5
CUZ,2017-02-21,424B5
CUZ,2017-02-22,424B5
CUZ,2017-02-23,424B5
CFR,2017-03-10,424B5
CFR,2017-03-14,424B5
CUBE,2017-03-17,424B5
CUBE,2017-03-30,424B5
EGP,2017-03-06,424B5
EPR,2017-01-25,424B5
DEA,2017-03-03,424B5
DEA,2017-03-21,424B5
DEA,2017-03-23,424B5
FFBC,2017-03-03,424B5
FR,2017-03-16,424B5
FUL,2017-02-09,424B5
FULT,2017-03-13,424B5
GATX,2017-02-07,424B5
GEO,2017-03-07,424B5
GEO,2017-03-09,424B5
GT,2017-03-02,424B5
HAFC,2017-03-14,424B5
HAFC,2017-03-20,424B5
HLX,2017-01-04,424B5
HLX,2017-01-05,424B5
HXL,2017-02-13,424B5
HOMB,2017-03-28,424B5
HOMB,2017-03-31,424B5
HLI,2017-02-06,424B5
HLI,2017-02-10,424B5
HASI,2017-03-06,424B5
HASI,2017-03-08,424B5
SAFE,2017-03-10,424B5
JBTM,2017-03-06,424B5
KRC,2017-01-04,424B5
KRC,2017-01-05,424B5
KTOS,2017-03-01,424B5
KTOS,2017-03-02,424B5
LNTH,2017-03-13,424B5
MPT,2017-03-14,424B5
MCY,2017-03-01,424B5
MCY,2017-03-03,424B5
MRCY,2017-01-24,424B5
MMSI,2017-03-20,424B5
MMSI,2017-03-23,424B5
MARA,2017-01-27,424B5
MC,2017-01-04,424B5
MC,2017-01-06,424B5
NHI,2017-02-23,424B5
NAVI,2017-03-02,424B5
FLG,2017-03-10,424B5
FLG,2017-03-14,424B5
ADAM,2017-01-17,424B5
ADAM,2017-01-19,424B5
RITM,2017-01-30,424B5
OLN,2017-03-06,424B5
OLN,2017-03-07,424B5
PATK,2017-03-06,424B5
PATK,2017-03-09,424B5
PTEN,2017-01-24,424B5
PTEN,2017-01-26,424B5
PMT,2017-03-02,424B5
PMT,2017-03-06,424B5
PEN,2017-03-15,424B5
PEN,2017-03-17,424B5
PFGC,2017-01-10,424B5
PFGC,2017-02-24,424B5
RYN,2017-03-16,424B5
RYN,2017-03-20,424B5
RPM,2017-02-27,424B5
RPM,2017-03-01,424B5
SBCF,2017-02-14,424B5
SBCF,2017-02-16,424B5
STWD,2017-03-23,424B5
STWD,2017-03-27,424B5
SHO,2017-02-24,424B5
TGTX,2017-03-08,424B5
TGTX,2017-03-10,424B5
TOL,2017-03-07,424B5
TOL,2017-03-09,424B5
VECO,2017-01-10,424B5
VECO,2017-01-12,424B5
VRTS,2017-01-25,424B5
WPC,2017-01-12,424B5
WPC,2017-03-01,424B5
WLK,2017-03-27,424B5
TNL,2017-03-16,424B5
WU,2017-03-08,424B5
AM,2017-05-05,424B4
BL,2017-05-25,424B4
DFIN,2017-06-14,424B4
FND,2017-04-28,424B4
ICHR,2017-04-27,424B4
KNSL,2017-05-15,424B4
OKTA,2017-04-07,424B4
PENG,2017-05-25,424B4
SEI,2017-05-15,424B4
MGY,2017-05-05,424B4
USFD,2017-05-12,424B4
HCC,2017-04-14,424B4
AKR,2017-05-02,424B5
ADC,2017-04-28,424B5
ADC,2017-06-12,424B5
AFG,2017-05-25,424B5
AFG,2017-05-26,424B5
ABR,2017-05-10,424B5
ABR,2017-05-12,424B5
AMH,2017-04-06,424B5
AMH,2017-04-19,424B5
AMH,2017-04-21,424B5
ARR,2017-05-26,424B5
ARR,2017-06-26,424B5
ARR,2017-06-27,424B5
BBT,2017-05-22,424B5
BGC,2017-04-13,424B5
BXMT,2017-05-01,424B5
BXMT,2017-05-02,424B5
CMC,2017-06-26,424B5
CMC,2017-06-30,424B5
CYTK,2017-05-08,424B5
CYTK,2017-05-09,424B5
CTRE,2017-05-08,424B5
CTRE,2017-05-11,424B5
CTRE,2017-05-17,424B5
CC,2017-05-11,424B5
CUBE,2017-04-03,424B5
CUBI,2017-06-26,424B5
CUBI,2017-06-29,424B5
EPR,2017-05-16,424B5
EPR,2017-05-17,424B5
FR,2017-06-14,424B5
GNL,2017-05-19,424B5
HALO,2017-05-18,424B5
HALO,2017-05-19,424B5
HR,2017-05-01,424B5
HR,2017-05-04,424B5
HR,2017-06-01,424B5
HR,2017-06-05,424B5
HGV,2017-06-14,424B5
HGV,2017-06-16,424B5
KMPR,2017-06-12,424B5
KMPR,2017-06-14,424B5
MPT,2017-04-25,424B5
MARA,2017-04-19,424B5
MUSA,2017-04-20,424B5
MUSA,2017-04-21,424B5
NAVI,2017-05-23,424B5
OC,2017-06-21,424B5
OC,2017-06-22,424B5
PBI,2017-05-03,424B5
PBI,2017-05-04,424B5
PK,2017-06-01,424B5
PK,2017-06-05,424B5
PMT,2017-06-27,424B5
PMT,2017-06-28,424B5
PFGC,2017-05-15,424B5
RNR,2017-06-28,424B5
RGEN,2017-06-26,424B5
RGEN,2017-06-29,424B5
REXR,2017-06-12,424B5
STAG,2017-04-10,424B5
SKT,2017-06-28,424B5
SKT,2017-06-29,424B5
TOL,2017-06-07,424B5
TOL,2017-06-08,424B5
TRST,2017-05-17,424B5
UE,2017-05-04,424B5
UE,2017-05-08,424B5
VOYA,2017-06-26,424B5
FBP,2017-08-03,424B4
FBP,2017-08-04,424B4
ICHR,2017-08-04,424B4
KRYS,2017-09-20,424B4
ROKU,2017-09-28,424B4
ADC,2017-07-28,424B5
NLY,2017-07-17,424B5
NLY,2017-07-19,424B5
NLY,2017-07-25,424B5
NLY,2017-07-26,424B5
AMH,2017-07-10,424B5
AMH,2017-07-12,424B5
AMH,2017-08-10,424B5
AMH,2017-08-14,424B5
AMH,2017-08-16,424B5
ARR,2017-08-31,424B5
BMRN,2017-08-08,424B5
BMRN,2017-08-09,424B5
BKH,2017-08-04,424B5
BXMT,2017-08-07,424B5
BXMT,2017-08-09,424B5
CG,2017-09-06,424B5
CG,2017-09-08,424B5
CCS,2017-08-09,424B5
LPG,2017-08-25,424B5
DXC,2017-08-16,424B5
DEI,2017-08-04,424B5
ESNT,2017-08-07,424B5
ESNT,2017-08-09,424B5
FFBC,2017-07-28,424B5
FND,2017-07-20,424B5
GTY,2017-07-10,424B5
GNL,2017-09-06,424B5
GNL,2017-09-08,424B5
HR,2017-09-18,424B5
HASI,2017-08-15,424B5
HASI,2017-08-17,424B5
IRT,2017-08-04,424B5
IRT,2017-09-05,424B5
IRT,2017-09-08,424B5
CSR,2017-09-25,424B5
CSR,2017-09-26,424B5
SAFE,2017-09-18,424B5
KTOS,2017-09-05,424B5
KTOS,2017-09-11,424B5
LEA,2017-08-14,424B5
MPT,2017-09-07,424B5
MHK,2017-09-05,424B5
MUR,2017-08-03,424B5
MUR,2017-08-08,424B5
MC,2017-07-26,424B5
MC,2017-07-27,424B5
NFG,2017-09-18,424B5
NFG,2017-09-19,424B5
NNN,2017-09-06,424B5
NNN,2017-09-07,424B5
ADAM,2017-08-10,424B5
BTU,2017-08-21,424B5
PAG,2017-08-01,424B5
PAG,2017-08-02,424B5
PBI,2017-09-07,424B5
PBI,2017-09-13,424B5
PFGC,2017-09-14,424B5
RDN,2017-09-12,424B5
RDN,2017-09-13,424B5
REXR,2017-09-21,424B5
SF,2017-09-27,424B5
SBRA,2017-09-25,424B5
SBRA,2017-09-26,424B5
SRPT,2017-07-24,424B5
SRPT,2017-07-25,424B5
TNDM,2017-07-27,424B5
TRNO,2017-08-04,424B5
TFIN,2017-07-26,424B5
TFIN,2017-07-27,424B5
UE,2017-08-04,424B5
WSO,2017-08-23,424B5
WOR,2017-07-25,424B5
WU,2017-08-15,424B5
XPO,2017-07-21,424B5
ACMR,2017-11-03,424B4
CARG,2017-10-12,424B4
FND,2017-11-16,424B4
MBIN,2017-10-30,424B4
EYE,2017-10-26,424B4
EYE,2017-10-27,424B4
PENG,2017-11-30,424B4
SEI,2017-11-13,424B4
ATI,2017-11-09,424B5
AFG,2017-11-09,424B5
AFG,2017-11-13,424B5
NLY,2017-10-05,424B5
NLY,2017-10-10,424B5
ABR,2017-11-07,424B5
ABR,2017-11-08,424B5
AN,2017-11-07,424B5
AN,2017-11-09,424B5
ARR,2017-10-02,424B5
BXMT,2017-11-30,424B5
BXMT,2017-12-04,424B5
CENTA,2017-12-07,424B5
CLF,2017-12-04,424B5
CLF,2017-12-06,424B5
CNH,2017-11-09,424B5
CAG,2017-10-10,424B5
CAG,2017-10-11,424B5
CDP,2017-10-30,424B5
CDP,2017-10-31,424B5
CYTK,2017-11-06,424B5
CRC,2017-11-17,424B5
CXW,2017-10-11,424B5
CXW,2017-10-13,424B5
DEI,2017-11-21,424B5
EPR,2017-11-20,424B5
EPR,2017-11-22,424B5
ELS,2017-11-02,424B5
GATX,2017-11-01,424B5
GATX,2017-11-03,424B5
GEO,2017-11-09,424B5
GNL,2017-12-14,424B5
GNL,2017-12-15,424B5
HLI,2017-10-27,424B5
IRT,2017-11-13,424B5
KRC,2017-11-27,424B5
KRC,2017-11-28,424B5
LEG,2017-11-14,424B5
MPT,2017-11-13,424B5
MOH,2017-12-07,424B5
MARA,2017-12-12,424B5
MARA,2017-12-19,424B5
MTDR,2017-10-06,424B5
NAVI,2017-11-30,424B5
ADAM,2017-10-05,424B5
ADAM,2017-10-06,424B5
NOG,2017-10-11,424B5
OMCL,2017-11-03,424B5
OUT,2017-11-21,424B5
OUT,2017-12-18,424B5
CHRD,2017-12-11,424B5
PFGC,2017-11-20,424B5
PFGC,2017-12-04,424B5
PTGX,2017-10-11,424B5
PTGX,2017-10-13,424B5
RPM,2017-12-06,424B5
RPM,2017-12-08,424B5
REXR,2017-11-06,424B5
REXR,2017-11-07,424B5
SLG,2017-10-03,424B5
SLG,2017-10-04,424B5
SLG,2017-10-26,424B5
SLG,2017-10-27,424B5
STAG,2017-11-13,424B5
TNDM,2017-10-12,424B5
TNDM,2017-10-13,424B5
TFX,2017-11-16,424B5
TFX,2017-11-17,424B5
SPNT,2017-11-13,424B5
UTL,2017-12-11,424B5
UTL,2017-12-12,424B5
VNO,2017-12-04,424B5
VNO,2017-12-06,424B5
WLK,2017-11-13,424B5
WLK,2017-11-14,424B5
WHR,2017-11-07,424B5
ADT,2018-01-22,424B4
RCUS,2018-03-16,424B4
WHD,2018-02-09,424B4
AHCO,2018-02-15,424B4
AHCO,2018-02-16,424B4
DBX,2018-03-23,424B4
GTES,2018-01-25,424B4
HLNE,2018-03-01,424B4
LBRT,2018-01-16,424B4
EYE,2018-03-15,424B4
SMPL,2018-02-06,424B4
SMPL,2018-02-07,424B4
TNDM,2018-02-09,424B4
VCTR,2018-02-09,424B4
ADC,2018-03-13,424B5
ADC,2018-03-15,424B5
NLY,2018-01-03,424B5
NLY,2018-01-08,424B5
NLY,2018-01-09,424B5
ARWR,2018-01-17,424B5
ARWR,2018-01-19,424B5
AAT,2018-03-05,424B5
APAM,2018-02-26,424B5
BXMT,2018-03-22,424B5
BXMT,2018-03-23,424B5
BRX,2018-01-09,424B5
CXT,2018-02-01,424B5
CXT,2018-02-05,424B5
EGP,2018-02-15,424B5
DEA,2018-03-19,424B5
VAL,2018-01-10,424B5
GTY,2018-03-09,424B5
GNL,2018-01-22,424B5
GNL,2018-03-23,424B5
GNL,2018-03-26,424B5
GWRE,2018-03-07,424B5
GWRE,2018-03-09,424B5
HLX,2018-03-13,424B5
HLX,2018-03-15,424B5
HIW,2018-02-07,424B5
HLI,2018-03-14,424B5
IIPR,2018-01-17,424B5
IIPR,2018-01-18,424B5
KEX,2018-02-09,424B5
BBWI,2018-01-08,424B5
BBWI,2018-01-09,424B5
LNC,2018-02-07,424B5
LNC,2018-02-09,424B5
MOH,2018-03-06,424B5
MC,2018-03-13,424B5
MC,2018-03-14,424B5
NNN,2018-02-22,424B5
ADAM,2018-03-12,424B5
NMIH,2018-02-26,424B5
NOG,2018-03-19,424B5
RITM,2018-01-16,424B5
OII,2018-01-30,424B5
OII,2018-02-02,424B5
OLN,2018-01-16,424B5
OLN,2018-01-18,424B5
OC,2018-01-23,424B5
OC,2018-01-24,424B5
TXNM,2018-03-07,424B5
PTCT,2018-03-27,424B5
PTCT,2018-03-29,424B5
BFS,2018-01-16,424B5
BFS,2018-01-18,424B5
SFNC,2018-03-19,424B5
SFNC,2018-03-23,424B5
TOL,2018-01-17,424B5
TOL,2018-01-19,424B5
TRNO,2018-02-09,424B5
UCB,2018-01-09,424B5
UCTT,2018-01-29,424B5
UCTT,2018-01-31,424B5
WPC,2018-02-27,424B5
WPC,2018-03-01,424B5
XNCR,2018-03-19,424B5
XNCR,2018-03-21,424B5
XHR,2018-03-02,424B5
EQH,2018-05-11,424B4
BJ,2018-06-28,424B4
BHF,2018-06-18,424B4
ROAD,2018-05-04,424B4
DOCU,2018-04-27,424B4
EPRT,2018-06-22,424B4
FBK,2018-05-21,424B4
FBK,2018-05-23,424B4
GSHD,2018-04-30,424B4
INSP,2018-05-04,424B4
ADMA,2018-06-07,424B5
ADMA,2018-06-08,424B5
ADC,2018-05-18,424B5
ABR,2018-05-15,424B5
ABR,2018-05-17,424B5
ARR,2018-04-27,424B5
ARR,2018-05-01,424B5
CC,2018-05-21,424B5
CC,2018-05-24,424B5
EPR,2018-04-09,424B5
EPR,2018-04-11,424B5
DEA,2018-06-18,424B5
DEA,2018-06-20,424B5
EFC,2018-06-29,424B5
FHB,2018-05-08,424B5
FHB,2018-05-10,424B5
FR,2018-05-02,424B5
FNB,2018-05-29,424B5
GATX,2018-05-04,424B5
GFF,2018-06-11,424B5
GFF,2018-06-15,424B5
GLPI,2018-05-07,424B5
GNL,2018-05-18,424B5
GRBK,2018-06-18,424B5
GRBK,2018-06-25,424B5
HLI,2018-06-01,424B5
IART,2018-05-09,424B5
INSW,2018-05-23,424B5
INSW,2018-05-29,424B5
KMPR,2018-04-27,424B5
KRC,2018-06-05,424B5
LAMR,2018-05-02,424B5
MHK,2018-05-14,424B5
MTDR,2018-05-16,424B5
NAVI,2018-06-07,424B5
NOG,2018-04-04,424B5
NOG,2018-04-06,424B5
CWEN,2018-05-04,424B5
OSK,2018-05-03,424B5
OSK,2018-05-07,424B5
RNR,2018-06-13,424B5
REXR,2018-06-13,424B5
TRUP,2018-06-20,424B5
TRNO,2018-05-31,424B5
TFIN,2018-04-09,424B5
TFIN,2018-04-10,424B5
UNM,2018-05-21,424B5
VCEL,2018-05-30,424B5
VCEL,2018-06-01,424B5
WU,2018-06-06,424B5
ARLO,2018-08-06,424B4
BJ,2018-09-27,424B4
WHD,2018-07-13,424B4
CWK,2018-08-03,424B4
DOCU,2018-09-14,424B4
ELAN,2018-09-21,424B4
EYE,2018-07-26,424B4
SKY,2018-07-30,424B4
SKY,2018-09-19,424B4
SONO,2018-08-02,424B4
ADC,2018-09-04,424B5
ADC,2018-09-06,424B5
NLY,2018-09-11,424B5
NLY,2018-09-13,424B5
ASB,2018-09-20,424B5
AMH,2018-09-12,424B5
AMH,2018-09-14,424B5
BKH,2018-08-13,424B5
BKH,2018-08-16,424B5
BXMT,2018-07-31,424B5
BXMT,2018-08-02,424B5
CENTA,2018-08-06,424B5
CCS,2018-07-03,424B5
CWEN,2018-09-26,424B5
CXW,2018-08-28,424B5
CUBE,2018-07-30,424B5
DRH,2018-08-08,424B5
ECPG,2018-07-16,424B5
ECPG,2018-07-19,424B5
ECPG,2018-08-27,424B5
FHB,2018-07-30,424B5
FHB,2018-08-01,424B5
FHB,2018-09-05,424B5
FHB,2018-09-07,424B5
FLR,2018-08-20,424B5
FLR,2018-08-22,424B5
FBIN,2018-09-19,424B5
FBIN,2018-09-20,424B5
FCPT,2018-08-02,424B5
FCPT,2018-08-03,424B5
GLPI,2018-09-17,424B5
GNL,2018-08-15,424B5
GNL,2018-08-17,424B5
HLNE,2018-09-12,424B5
HLNE,2018-09-14,424B5
H,2018-08-07,424B5
JBGS,2018-07-02,424B5
KRC,2018-08-08,424B5
MMSI,2018-07-24,424B5
MMSI,2018-07-26,424B5
MC,2018-08-01,424B5
MC,2018-08-03,424B5
NFG,2018-08-08,424B5
NFG,2018-08-09,424B5
NNN,2018-09-18,424B5
NNN,2018-09-19,424B5
NEO,2018-08-06,424B5
NEO,2018-08-10,424B5
ADAM,2018-08-09,424B5
ADAM,2018-08-10,424B5
ADAM,2018-09-10,424B5
RITM,2018-07-30,424B5
OHI,2018-09-07,424B5
PTGX,2018-08-07,424B5
SLG,2018-07-26,424B5
SLG,2018-07-27,424B5
SM,2018-08-06,424B5
SM,2018-08-07,424B5
STAA,2018-08-07,424B5
TNDM,2018-08-02,424B5
TNDM,2018-08-03,424B5
TKR,2018-08-22,424B5
TKR,2018-08-23,424B5
VCYT,2018-07-26,424B5
VOYA,2018-09-04,424B5
WSC,2018-07-24,424B5
WSC,2018-07-27,424B5
EQH,2018-11-16,424B4
INSP,2018-12-07,424B4
SKY,2018-11-27,424B4
SKY,2018-11-29,424B4
UPWK,2018-10-03,424B4
YETI,2018-10-25,424B4
ACAD,2018-11-26,424B5
ACAD,2018-11-28,424B5
ABR,2018-11-29,424B5
ABR,2018-12-03,424B5
BXMT,2018-11-14,424B5
BC,2018-10-01,424B5
BC,2018-10-03,424B5
BC,2018-11-26,424B5
BC,2018-11-28,424B5
CLSK,2018-12-14,424B5
CAG,2018-10-09,424B5
CAG,2018-10-11,424B5
CAG,2018-10-15,424B5
CAG,2018-10-17,424B5
CDP,2018-11-13,424B5
CRC,2018-11-16,424B5
EMN,2018-10-30,424B5
EMN,2018-11-01,424B5
ELS,2018-10-26,424B5
GATX,2018-11-02,424B5
GATX,2018-11-19,424B5
GNL,2018-10-04,424B5
GNL,2018-11-27,424B5
GNL,2018-11-28,424B5
HR,2018-12-28,424B5
HASI,2018-12-12,424B5
HASI,2018-12-14,424B5
IIPR,2018-10-03,424B5
IIPR,2018-10-04,424B5
KRC,2018-11-14,424B5
KRC,2018-11-15,424B5
KRYS,2018-10-17,424B5
KRYS,2018-10-19,424B5
LAUR,2018-11-13,424B5
LAUR,2018-11-16,424B5
MPT,2018-12-31,424B5
FLG,2018-11-01,424B5
FLG,2018-11-05,424B5
ADAM,2018-11-07,424B5
ADAM,2018-11-08,424B5
RITM,2018-11-01,424B5
NXRT,2018-11-14,424B5
NXRT,2018-11-15,424B5
OGS,2018-11-01,424B5
OGS,2018-11-02,424B5
HTO,2018-11-26,424B5
HTO,2018-11-30,424B5
SRPT,2018-11-08,424B5
SRPT,2018-11-09,424B5
SWX,2018-11-26,424B5
SWX,2018-11-28,424B5
SWX,2018-12-17,424B5
WPC,2018-10-02,424B5
WPC,2018-10-04,424B5
EQH,2019-03-21,424B4
EPRT,2019-03-15,424B4
FRPT,2019-03-07,424B4
LYFT,2019-03-29,424B4
SKY,2019-02-27,424B4
SKY,2019-03-01,424B4
FTDR,2019-03-18,424B4
FTDR,2019-03-22,424B4
AMG,2019-03-21,424B5
AMG,2019-03-22,424B5
AMG,2019-03-27,424B5
AFG,2019-03-11,424B5
AFG,2019-03-12,424B5
NLY,2019-01-07,424B5
NLY,2019-01-09,424B5
NLY,2019-02-20,424B5
ARR,2019-01-14,424B5
ARR,2019-01-16,424B5
ARR,2019-02-15,424B5
ARR,2019-02-19,424B5
ARR,2019-02-21,424B5
BJ,2019-03-07,424B5
BJ,2019-03-11,424B5
BC,2019-02-25,424B5
BC,2019-02-27,424B5
BHF,2019-03-18,424B5
BHF,2019-03-20,424B5
CWST,2019-01-22,424B5
CWST,2019-01-24,424B5
CYTK,2019-03-07,424B5
CTRE,2019-03-04,424B5
ENOV,2019-01-07,424B5
ENOV,2019-01-08,424B5
ENOV,2019-01-10,424B5
CUBE,2019-01-24,424B5
CUBE,2019-01-25,424B5
ENR,2019-01-14,424B5
DEA,2019-03-04,424B5
FHB,2019-01-30,424B5
FHB,2019-02-01,424B5
FNB,2019-02-11,424B5
FNB,2019-02-12,424B5
FCPT,2019-03-22,424B5
GATX,2019-01-30,424B5
GNL,2019-02-28,424B5
HL,2019-02-22,424B5
HLNE,2019-03-11,424B5
HLNE,2019-03-13,424B5
INSW,2019-01-09,424B5
KBH,2019-02-05,424B5
KRYS,2019-03-12,424B5
LEG,2019-03-04,424B5
LXP,2019-03-15,424B5
LTC,2019-03-01,424B5
MDU,2019-02-22,424B5
MBIN,2019-03-15,424B5
ADAM,2019-01-08,424B5
ADAM,2019-01-09,424B5
ADAM,2019-02-26,424B5
ADAM,2019-02-27,424B5
ADAM,2019-03-29,424B5
RITM,2019-02-19,424B5
NXRT,2019-02-20,424B5
OUT,2019-03-18,424B5
PTCT,2019-01-22,424B5
PTCT,2019-01-24,424B5
PMT,2019-02-11,424B5
PMT,2019-02-13,424B5
PMT,2019-03-14,424B5
ROKU,2019-03-12,424B5
RPM,2019-02-25,424B5
RPM,2019-02-27,424B5
REXR,2019-02-19,424B5
SIGI,2019-02-27,424B5
SIGI,2019-03-01,424B5
SR,2019-02-06,424B5
STAG,2019-02-14,424B5
SF,2019-02-21,424B5
SBRA,2019-02-25,424B5
SRPT,2019-03-05,424B5
SRPT,2019-03-07,424B5
TGTX,2019-02-28,424B5
TGTX,2019-03-05,424B5
WPC,2019-02-27,424B5
WHR,2019-02-21,424B5
AVTR,2019-05-20,424B4
CHWY,2019-06-17,424B4
GO,2019-06-20,424B4
PSN,2019-05-09,424B4
PLMR,2019-04-17,424B4
PINS,2019-04-18,424B4
TMDX,2019-05-02,424B4
VRRM,2019-06-03,424B4
VRRM,2019-06-07,424B4
YETI,2019-05-09,424B4
AKR,2019-06-03,424B5
ADMA,2019-05-15,424B5
ADMA,2019-05-17,424B5
ADC,2019-04-29,424B5
ADC,2019-05-01,424B5
NLY,2019-06-20,424B5
NLY,2019-06-21,424B5
WTRG,2019-04-15,424B5
WTRG,2019-04-19,424B5
WTRG,2019-04-24,424B5
WTRG,2019-04-25,424B5
ABR,2019-05-15,424B5
ABR,2019-05-17,424B5
AVA,2019-05-15,424B5
ALLY,2019-05-16,424B5
AAT,2019-06-10,424B5
AAT,2019-06-12,424B5
RCUS,2019-04-26,424B5
ARR,2019-06-24,424B5
BJ,2019-06-05,424B5
BJ,2019-06-06,424B5
BJ,2019-06-27,424B5
BXMT,2019-06-20,424B5
BXMT,2019-06-24,424B5
CLSK,2019-04-17,424B5
CNO,2019-05-28,424B5
CNO,2019-05-30,424B5
CDP,2019-05-10,424B5
CTRE,2019-04-10,424B5
CTRE,2019-04-11,424B5
CDE,2019-05-20,424B5
EEFT,2019-05-17,424B5
EEFT,2019-05-20,424B5
EFC,2019-04-03,424B5
HTZ,2019-06-13,424B5
HLI,2019-05-29,424B5
JBGS,2019-04-15,424B5
JBGS,2019-04-16,424B5
KMPR,2019-06-04,424B5
KRYS,2019-06-24,424B5
KRYS,2019-06-25,424B5
BBWI,2019-06-05,424B5
BBWI,2019-06-07,424B5
LEA,2019-04-29,424B5
MRCY,2019-05-20,424B5
MRCY,2019-05-23,424B5
NEO,2019-05-20,424B5
NEO,2019-05-23,424B5
ADAM,2019-05-08,424B5
ADAM,2019-05-09,424B5
RITM,2019-06-25,424B5
RITM,2019-06-26,424B5
NWN,2019-06-04,424B5
PMT,2019-05-06,424B5
PMT,2019-05-08,424B5
QTWO,2019-06-04,424B5
QTWO,2019-06-06,424B5
RDN,2019-06-13,424B5
RDN,2019-06-14,424B5
RGA,2019-05-08,424B5
RNR,2019-04-01,424B5
RGEN,2019-04-29,424B5
RGEN,2019-05-01,424B5
ROKU,2019-05-16,424B5
REXR,2019-06-13,424B5
SR,2019-05-14,424B5
SR,2019-05-16,424B5
STAG,2019-04-01,424B5
STAG,2019-04-03,424B5
SBRA,2019-05-21,424B5
SBRA,2019-05-22,424B5
TWLO,2019-05-29,424B5
TWLO,2019-05-31,424B5
TRNO,2019-05-17,424B5
UNM,2019-06-10,424B5
VCYT,2019-05-01,424B5
VCYT,2019-05-02,424B5
VCYT,2019-05-03,424B5
VIRT,2019-05-14,424B5
VIRT,2019-05-16,424B5
VOYA,2019-06-11,424B5
WPC,2019-06-10,424B5
WPC,2019-06-11,424B5
WTFC,2019-06-04,424B5
DT,2019-08-01,424B4
EPRT,2019-07-15,424B4
EPRT,2019-07-19,424B4
NVST,2019-09-19,424B4
VYX,2019-09-20,424B4
HIMS,2019-07-19,424B4
PTON,2019-09-26,424B4
PLMR,2019-09-26,424B4
ACAD,2019-09-17,424B5
ACAD,2019-09-18,424B5
ACMR,2019-08-13,424B5
ACMR,2019-08-15,424B5
WMS,2019-09-03,424B5
ADC,2019-07-26,424B5
ABR,2019-08-02,424B5
ADUS,2019-09-05,424B5
BKH,2019-09-26,424B5
BXMT,2019-07-26,424B5
CYTK,2019-08-09,424B5
CELH,2019-09-11,424B5
CELH,2019-09-13,424B5
CDE,2019-08-12,424B5
ROAD,2019-09-16,424B5
ROAD,2019-09-18,424B5
CUBI,2019-09-20,424B5
CUBI,2019-09-24,424B5
EPR,2019-08-08,424B5
EPR,2019-08-09,424B5
EPRT,2019-08-19,424B5
EFC,2019-07-17,424B5
EFC,2019-07-18,424B5
EHC,2019-09-09,424B5
EHC,2019-09-11,424B5
FMC,2019-09-17,424B5
FBIN,2019-09-09,424B5
FBIN,2019-09-11,424B5
GLPI,2019-08-14,424B5
GLPI,2019-08-15,424B5
HR,2019-09-05,424B5
HR,2019-09-06,424B5
HR,2019-09-30,424B5
HQY,2019-07-08,424B5
HQY,2019-07-11,424B5
HLI,2019-07-31,424B5
HLNE,2019-09-09,424B5
HLNE,2019-09-11,424B5
IIPR,2019-07-11,424B5
IIPR,2019-07-12,424B5
IIPR,2019-09-20,424B5
SAFE,2019-09-13,424B5
KRC,2019-09-03,424B5
KRC,2019-09-04,424B5
KRC,2019-09-18,424B5
KNSL,2019-08-06,424B5
LXP,2019-09-04,424B5
LXP,2019-09-05,424B5
LNC,2019-08-12,424B5
LNC,2019-08-14,424B5
MPT,2019-07-15,424B5
MPT,2019-07-17,424B5
MSEX,2019-09-06,424B5
MHK,2019-08-28,424B5
MARA,2019-07-19,424B5
MBIN,2019-08-12,424B5
MUSA,2019-09-04,424B5
MUSA,2019-09-05,424B5
NNN,2019-09-04,424B5
NNN,2019-09-05,424B5
ADAM,2019-07-17,424B5
ADAM,2019-07-18,424B5
ADAM,2019-09-10,424B5
ADAM,2019-09-11,424B5
RITM,2019-08-01,424B5
RITM,2019-08-08,424B5
RITM,2019-08-09,424B5
OLN,2019-07-11,424B5
OLN,2019-07-15,424B5
OHI,2019-09-09,424B5
OHI,2019-09-11,424B5
OHI,2019-09-17,424B5
OHI,2019-09-19,424B5
OC,2019-07-29,424B5
OC,2019-07-31,424B5
POR,2019-08-02,424B5
PTCT,2019-08-07,424B5
PTCT,2019-09-17,424B5
PTCT,2019-09-19,424B5
PMT,2019-08-08,424B5
PMT,2019-08-12,424B5
RGEN,2019-07-15,424B5
RGEN,2019-07-17,424B5
REXR,2019-09-13,424B5
REXR,2019-09-16,424B5
BFS,2019-09-10,424B5
BFS,2019-09-11,424B5
STAG,2019-09-24,424B5
SBRA,2019-09-26,424B5
SBRA,2019-09-27,424B5
SWX,2019-09-24,424B5
TOL,2019-09-09,424B5
TOL,2019-09-11,424B5
UNM,2019-09-04,424B5
WPC,2019-08-09,424B5
WPC,2019-09-10,424B5
WPC,2019-09-12,424B5
WLK,2019-07-10,424B5
WLK,2019-07-12,424B5
BILL,2019-12-12,424B4
CROX,2019-11-01,424B4
DT,2019-12-06,424B4
GO,2019-10-04,424B4
PGNY,2019-10-25,424B4
SITM,2019-11-21,424B4
UTI,2019-12-13,424B4
VRRM,2019-11-14,424B4
VIR,2019-10-11,424B4
YETI,2019-11-08,424B4
ATI,2019-11-21,424B5
AFG,2019-11-21,424B5
AFG,2019-11-22,424B5
ABR,2019-12-09,424B5
ABR,2019-12-11,424B5
ARWR,2019-12-02,424B5
ARWR,2019-12-05,424B5
EQH,2019-11-20,424B5
EQH,2019-11-22,424B5
ABCB,2019-12-02,424B5
ABCB,2019-12-04,424B5
BGC,2019-10-03,424B5
CWT,2019-10-31,424B5
CHH,2019-11-13,424B5
CHH,2019-11-14,424B5
CYTK,2019-11-06,424B5
CYTK,2019-11-08,424B5
CCS,2019-11-05,424B5
CCS,2019-11-27,424B5
CWEN,2019-12-04,424B5
CUBE,2019-10-08,424B5
CUBE,2019-10-09,424B5
CUBI,2019-12-04,424B5
CUBI,2019-12-06,424B5
DAN,2019-11-05,424B5
DAN,2019-11-06,424B5
EGP,2019-12-20,424B5
DEA,2019-12-20,424B5
EFC,2019-10-16,424B5
EFC,2019-10-17,424B5
EFC,2019-11-18,424B5
EFC,2019-11-19,424B5
FCPT,2019-11-12,424B5
G,2019-11-14,424B5
GNL,2019-11-12,424B5
GNL,2019-11-20,424B5
GNL,2019-11-21,424B5
GNL,2019-12-13,424B5
HR,2019-11-29,424B5
CSR,2019-11-07,424B5
SAFE,2019-11-27,424B5
SAFE,2019-12-09,424B5
KBH,2019-10-21,424B5
LXP,2019-11-07,424B5
LXP,2019-11-27,424B5
MPT,2019-11-05,424B5
MPT,2019-11-21,424B5
MPT,2019-12-27,424B5
MSEX,2019-11-19,424B5
MSEX,2019-11-20,424B5
MUR,2019-11-13,424B5
MUR,2019-11-14,424B5
NOV,2019-11-06,424B5
NJR,2019-12-04,424B5
ADAM,2019-10-10,424B5
ADAM,2019-10-11,424B5
ADAM,2019-11-19,424B5
ADAM,2019-11-20,424B5
ADAM,2019-11-27,424B5
OTTR,2019-11-08,424B5
PTEN,2019-11-12,424B5
PMT,2019-12-10,424B5
PMT,2019-12-12,424B5
PFGC,2019-11-18,424B5
PFGC,2019-11-22,424B5
PTGX,2019-11-27,424B5
ROKU,2019-11-19,424B5
RHP,2019-12-09,424B5
RHP,2019-12-10,424B5
SBRA,2019-12-11,424B5
SMPL,2019-10-07,424B5
SMPL,2019-10-09,424B5
TGTX,2019-12-23,424B5
TFIN,2019-11-21,424B5
TFIN,2019-11-22,424B5
WU,2019-11-18,424B5
DT,2020-02-21,424B4
GO,2020-01-30,424B4
PLMR,2020-01-10,424B4
REYN,2020-01-31,424B4
SDGR,2020-02-06,424B4
RSI,2020-02-21,424B4
ADMA,2020-02-06,424B5
ADMA,2020-02-07,424B5
ADC,2020-03-30,424B5
ADC,2020-03-31,424B5
AFG,2020-03-26,424B5
AFG,2020-03-27,424B5
ARR,2020-01-23,424B5
ARR,2020-01-24,424B5
ARR,2020-01-30,424B5
APAM,2020-02-21,424B5
BKH,2020-02-25,424B5
BRX,2020-01-09,424B5
BRX,2020-02-05,424B5
COLL,2020-02-10,424B5
COLL,2020-02-11,424B5
CTRE,2020-03-10,424B5
CUBE,2020-03-04,424B5
EPRT,2020-01-09,424B5
ELAN,2020-01-21,424B5
ELAN,2020-01-24,424B5
EFC,2020-01-21,424B5
EFC,2020-01-22,424B5
FR,2020-02-14,424B5
FNB,2020-02-19,424B5
FULT,2020-02-24,424B5
FULT,2020-02-26,424B5
FRPT,2020-02-28,424B5
HL,2020-02-10,424B5
HIW,2020-02-05,424B5
IRT,2020-02-19,424B5
IRT,2020-02-24,424B5
IIPR,2020-01-23,424B5
KRC,2020-02-18,424B5
LEA,2020-02-20,424B5
NHI,2020-03-19,424B5
NNN,2020-02-18,424B5
NNN,2020-02-19,424B5
NAVI,2020-01-23,424B5
ADAM,2020-01-07,424B5
ADAM,2020-01-08,424B5
ADAM,2020-02-10,424B5
ADAM,2020-02-11,424B5
RITM,2020-02-11,424B5
RITM,2020-02-13,424B5
NXRT,2020-03-05,424B5
OHI,2020-01-02,424B5
OGS,2020-02-26,424B5
OSK,2020-02-11,424B5
OSK,2020-02-12,424B5
TXNM,2020-01-07,424B5
AVNT,2020-01-28,424B5
AVNT,2020-01-31,424B5
STAG,2020-01-13,424B5
SHO,2020-02-20,424B5
TGTX,2020-03-20,424B5
UTI,2020-02-20,424B5
UTI,2020-02-21,424B5
VFC,2020-02-20,424B5
WHR,2020-02-19,424B5
AVTR,2020-05-21,424B4
BILL,2020-06-11,424B4
DT,2020-06-03,424B4
MP,2020-05-01,424B4
GO,2020-04-23,424B4
SITM,2020-06-12,424B4
FOUR,2020-06-08,424B4
WMG,2020-06-04,424B4
GTM,2020-06-05,424B4
AMG,2020-06-02,424B5
AMG,2020-06-03,424B5
ADC,2020-04-01,424B5
ADC,2020-04-21,424B5
ADC,2020-05-28,424B5
AFG,2020-05-21,424B5
AFG,2020-05-22,424B5
ASB,2020-06-11,424B5
AN,2020-05-19,424B5
AN,2020-05-21,424B5
AVA,2020-05-15,424B5
ALLY,2020-04-06,424B5
ALLY,2020-06-01,424B5
AAL,2020-06-22,424B5
AAL,2020-06-24,424B5
AMH,2020-06-17,424B5
RCUS,2020-05-28,424B5
RCUS,2020-05-29,424B5
ARR,2020-04-06,424B5
ARR,2020-05-05,424B5
AUB,2020-06-02,424B5
BKH,2020-06-12,424B5
BXMT,2020-06-08,424B5
BXMT,2020-06-10,424B5
BWA,2020-06-16,424B5
BWA,2020-06-18,424B5
EAT,2020-05-06,424B5
EAT,2020-05-08,424B5
BKU,2020-06-04,424B5
BKU,2020-06-05,424B5
BHF,2020-05-13,424B5
BHF,2020-05-15,424B5
BHF,2020-05-18,424B5
BHF,2020-05-19,424B5
BHF,2020-05-28,424B5
BHF,2020-05-29,424B5
CRK,2020-05-15,424B5
CRK,2020-06-18,424B5
CYTK,2020-05-08,424B5
CHEF,2020-05-11,424B5
CDE,2020-04-23,424B5
ROAD,2020-06-10,424B5
ROAD,2020-06-11,424B5
DAN,2020-06-16,424B5
DAN,2020-06-18,424B5
DAN,2020-06-19,424B5
XRAY,2020-05-20,424B5
DXPE,2020-05-12,424B5
EPRT,2020-06-17,424B5
CZR,2020-06-15,424B5
EHC,2020-05-12,424B5
EHC,2020-05-14,424B5
ESNT,2020-05-28,424B5
ESNT,2020-05-29,424B5
WTRG,2020-04-13,424B5
WTRG,2020-04-15,424B5
FFBC,2020-04-24,424B5
FFBC,2020-04-28,424B5
FIBK,2020-05-11,424B5
FIBK,2020-05-14,424B5
FOXF,2020-06-17,424B5
FOXF,2020-06-19,424B5
FNF,2020-06-09,424B5
GATX,2020-05-11,424B5
GT,2020-05-13,424B5
GT,2020-05-20,424B5
GLPI,2020-06-17,424B5
HWC,2020-05-26,424B5
HTZ,2020-06-15,424B5
HLI,2020-05-20,424B5
HLNE,2020-06-02,424B5
HLNE,2020-06-04,424B5
HTH,2020-05-07,424B5
HTH,2020-05-08,424B5
H,2020-04-21,424B5
IIPR,2020-05-26,424B5
IIPR,2020-06-29,424B5
INGR,2020-05-08,424B5
INSP,2020-04-13,424B5
INSP,2020-04-15,424B5
KSS,2020-04-27,424B5
KSS,2020-04-28,424B5
KTOS,2020-06-17,424B5
KTOS,2020-06-22,424B5
KRYS,2020-05-18,424B5
LXP,2020-05-11,424B5
LXP,2020-05-13,424B5
LNC,2020-05-08,424B5
LNC,2020-05-12,424B5
MHK,2020-05-07,424B5
MHK,2020-06-09,424B5
MARA,2020-06-08,424B5
NFG,2020-05-19,424B5
NFG,2020-05-28,424B5
NBTB,2020-06-16,424B5
NBTB,2020-06-17,424B5
NEO,2020-04-29,424B5
NEO,2020-05-01,424B5
NWL,2020-05-20,424B5
NWL,2020-05-21,424B5
NMIH,2020-06-03,424B5
OGS,2020-04-29,424B5
OGS,2020-04-30,424B5
OC,2020-05-07,424B5
PENN,2020-05-11,424B5
PENN,2020-05-13,424B5
PRGO,2020-06-16,424B5
PRGO,2020-06-18,424B5
PLMR,2020-06-23,424B5
PLMR,2020-06-24,424B5
PEN,2020-05-27,424B5
PEN,2020-05-28,424B5
PFGC,2020-04-15,424B5
PFGC,2020-04-17,424B5
PTGX,2020-05-11,424B5
PTGX,2020-05-13,424B5
QTWO,2020-05-11,424B5
QTWO,2020-05-13,424B5
RDN,2020-05-12,424B5
RDN,2020-05-13,424B5
RGA,2020-06-02,424B5
RGA,2020-06-04,424B5
RNR,2020-06-02,424B5
RNR,2020-06-04,424B5
ROKU,2020-05-13,424B5
REXR,2020-05-11,424B5
REXR,2020-05-13,424B5
SON,2020-04-20,424B5
SF,2020-05-12,424B5
SF,2020-05-13,424B5
SF,2020-05-15,424B5
SHAK,2020-04-17,424B5
SHAK,2020-04-20,424B5
TGTX,2020-05-14,424B5
TGTX,2020-05-18,424B5
TRST,2020-06-01,424B5
TMDX,2020-05-26,424B5
TMDX,2020-05-27,424B5
TFIN,2020-06-16,424B5
TFIN,2020-06-17,424B5
UCB,2020-06-05,424B5
UCB,2020-06-12,424B5
UCB,2020-06-16,424B5
UNM,2020-05-18,424B5
VICR,2020-06-09,424B5
VICR,2020-06-11,424B5
WPC,2020-06-17,424B5
WERN,2020-06-02,424B5
WLK,2020-06-09,424B5
WLK,2020-06-10,424B5
WHR,2020-05-05,424B5
WTFC,2020-05-06,424B5
WTFC,2020-05-07,424B5
ADT,2020-09-16,424B4
ADT,2020-09-17,424B4
AHCO,2020-07-02,424B4
BSY,2020-09-24,424B4
BNL,2020-09-17,424B4
CRSR,2020-09-24,424B4
MIR,2020-07-01,424B4
HTLD,2020-07-23,424B4
HRMY,2020-08-20,424B4
MARA,2020-07-27,424B4
NTST,2020-08-14,424B4
SDGR,2020-08-13,424B4
FOUR,2020-09-14,424B4
STEP,2020-09-16,424B4
VIR,2020-07-08,424B4
GTM,2020-08-21,424B4
ADMA,2020-08-05,424B5
AAP,2020-09-22,424B5
AMG,2020-09-17,424B5
AMG,2020-09-18,424B5
ADC,2020-08-12,424B5
ADC,2020-08-14,424B5
AFG,2020-09-08,424B5
AFG,2020-09-09,424B5
ABR,2020-08-07,424B5
ARWR,2020-08-05,424B5
ALLY,2020-09-16,424B5
AAL,2020-08-28,424B5
AMH,2020-08-17,424B5
AMH,2020-08-19,424B5
ABCB,2020-09-23,424B5
ABCB,2020-09-24,424B5
APLE,2020-08-12,424B5
BLFS,2020-07-01,424B5
BLFS,2020-07-06,424B5
BKH,2020-08-04,424B5
TBBK,2020-08-10,424B5
TBBK,2020-08-12,424B5
CALX,2020-07-28,424B5
CALX,2020-07-30,424B5
LEU,2020-08-17,424B5
LEU,2020-08-20,424B5
LEU,2020-08-21,424B5
CPK,2020-08-18,424B5
CHH,2020-07-09,424B5
CHH,2020-07-10,424B5
CLSK,2020-07-22,424B5
CDP,2020-09-10,424B5
CDP,2020-09-14,424B5
CYTK,2020-07-15,424B5
CYTK,2020-07-17,424B5
CZR,2020-09-28,424B5
CHWY,2020-09-18,424B5
CWEN,2020-08-06,424B5
CUBE,2020-09-29,424B5
DRH,2020-08-20,424B5
ELS,2020-07-30,424B5
EPRT,2020-09-17,424B5
EHC,2020-09-30,424B5
EQH,2020-08-06,424B5
EQH,2020-08-10,424B5
WTRG,2020-08-10,424B5
WTRG,2020-08-12,424B5
FNF,2020-09-10,424B5
GFF,2020-08-11,424B5
GFF,2020-08-17,424B5
GLPI,2020-08-11,424B5
HRB,2020-08-04,424B5
HR,2020-09-14,424B5
HR,2020-09-16,424B5
HQY,2020-07-08,424B5
HQY,2020-07-09,424B5
HTLD,2020-07-21,424B5
HLX,2020-08-11,424B5
HLX,2020-08-13,424B5
HLNE,2020-09-01,424B5
HLNE,2020-09-03,424B5
HASI,2020-08-18,424B5
HASI,2020-08-20,424B5
H,2020-08-26,424B5
CSR,2020-09-03,424B5
SAFE,2020-08-19,424B5
JBLU,2020-08-13,424B5
JBLU,2020-08-14,424B5
KMPR,2020-09-22,424B5
KRC,2020-08-03,424B5
KNSL,2020-08-03,424B5
LXP,2020-08-14,424B5
LXP,2020-08-17,424B5
LAD,2020-07-24,424B5
LAD,2020-09-29,424B5
MTG,2020-08-06,424B5
MTG,2020-08-10,424B5
NFG,2020-08-11,424B5
NNN,2020-08-04,424B5
RITM,2020-09-18,424B5
NWBI,2020-09-02,424B5
NWBI,2020-09-03,424B5
OPCH,2020-07-20,424B5
OPCH,2020-07-23,424B5
PRK,2020-08-17,424B5
PRK,2020-08-19,424B5
PENN,2020-09-24,424B5
PENN,2020-09-28,424B5
PAG,2020-08-04,424B5
PAG,2020-08-05,424B5
PTCT,2020-08-11,424B5
PTCT,2020-08-21,424B5
RYN,2020-09-10,424B5
RS,2020-07-28,424B5
RS,2020-07-30,424B5
RNST,2020-08-31,424B5
RNST,2020-09-01,424B5
STC,2020-08-11,424B5
STC,2020-08-14,424B5
SABR,2020-08-19,424B5
SABR,2020-08-21,424B5
STRA,2020-08-05,424B5
STRA,2020-08-06,424B5
TWLO,2020-08-05,424B5
TWLO,2020-08-07,424B5
UMBF,2020-09-14,424B5
VCYT,2020-08-03,424B5
VCYT,2020-08-05,424B5
WSBC,2020-08-04,424B5
WSBC,2020-08-05,424B5
XHR,2020-08-19,424B5
ALGM,2020-10-30,424B4
ASO,2020-10-02,424B4
BSY,2020-11-16,424B4
CERT,2020-12-14,424B4
FOUR,2020-12-04,424B4
SHC,2020-11-23,424B4
GTM,2020-12-02,424B4
AYI,2020-10-27,424B5
AYI,2020-10-29,424B5
ADMA,2020-11-05,424B5
ABR,2020-11-10,424B5
ABR,2020-11-12,424B5
ALLY,2020-12-01,424B5
AAL,2020-10-22,424B5
AAL,2020-11-10,424B5
AAL,2020-11-12,424B5
BANC,2020-10-27,424B5
BANC,2020-10-29,424B5
BHF,2020-11-10,424B5
BHF,2020-11-12,424B5
CWST,2020-10-20,424B5
CWST,2020-10-22,424B5
CENTA,2020-10-01,424B5
LEU,2020-12-31,424B5
CLSK,2020-10-06,424B5
CLSK,2020-10-09,424B5
CAG,2020-10-07,424B5
CAG,2020-10-08,424B5
CFR,2020-11-12,424B5
CUBE,2020-10-01,424B5
DEI,2020-10-09,424B5
EHC,2020-10-01,424B5
FR,2020-10-27,424B5
FUL,2020-10-06,424B5
FULT,2020-10-22,424B5
GME,2020-12-08,424B5
GLPI,2020-10-29,424B5
ICHR,2020-12-08,424B5
ICHR,2020-12-11,424B5
IRT,2020-11-13,424B5
IIPR,2020-11-06,424B5
JBLU,2020-12-01,424B5
JBLU,2020-12-03,424B5
KRYS,2020-12-31,424B5
LAD,2020-10-02,424B5
MPT,2020-11-19,424B5
OHI,2020-10-07,424B5
OHI,2020-10-09,424B5
OSW,2020-12-07,424B5
OPCH,2020-12-14,424B5
PEB,2020-12-10,424B5
PEB,2020-12-14,424B5
PTGX,2020-12-10,424B5
PTGX,2020-12-14,424B5
RGEN,2020-12-07,424B5
RGEN,2020-12-08,424B5
REZI,2020-11-16,424B5
REZI,2020-11-19,424B5
REXR,2020-11-09,424B5
REXR,2020-11-10,424B5
REXR,2020-11-12,424B5
REXR,2020-12-01,424B5
REXR,2020-12-03,424B5
SIGI,2020-12-02,424B5
STAG,2020-11-16,424B5
SWX,2020-12-02,424B5
TALO,2020-12-08,424B5
TALO,2020-12-09,424B5
TGTX,2020-11-09,424B5
TGTX,2020-12-14,424B5
TGTX,2020-12-16,424B5
TRMK,2020-11-18,424B5
TRMK,2020-11-19,424B5
VNO,2020-11-19,424B5
VNO,2020-11-23,424B5
WPC,2020-10-06,424B5
WPC,2020-10-07,424B5
WSFS,2020-12-03,424B5
WSFS,2020-12-04,424B5
ALGM,2021-02-08,424B4
ASO,2021-01-29,424B4
ALHC,2021-03-29,424B4
CERT,2021-03-25,424B4
CRSR,2021-01-25,424B4
DOCN,2021-03-24,424B4
DFH,2021-01-22,424B4
GTES,2021-03-01,424B4
GRBK,2021-01-27,424B4
HAYW,2021-03-15,424B4
OPCH,2021-02-08,424B4
OPCH,2021-02-10,424B4
OPCH,2021-03-17,424B4
SHC,2021-03-18,424B4
STEP,2021-03-19,424B4
DAVE,2021-03-08,424B4
VNT,2021-01-12,424B4
VNT,2021-01-14,424B4
AKR,2021-03-19,424B5
ADMA,2021-02-03,424B5
ADC,2021-01-08,424B5
ADC,2021-02-22,424B5
AR,2021-01-07,424B5
ABR,2021-03-25,424B5
ABR,2021-03-29,424B5
CAR,2021-02-17,424B5
AHCO,2021-01-04,424B5
AHCO,2021-01-07,424B5
AAL,2021-01-29,424B5
AROC,2021-02-23,424B5
ARR,2021-03-02,424B5
ARR,2021-03-12,424B5
APAM,2021-02-25,424B5
BJRI,2021-01-22,424B5
CLSK,2021-03-15,424B5
CLSK,2021-03-18,424B5
COHU,2021-03-01,424B5
COHU,2021-03-04,424B5
CMC,2021-01-19,424B5
CMC,2021-01-20,424B5
CDP,2021-03-03,424B5
CDP,2021-03-05,424B5
PR,2021-03-16,424B5
PR,2021-03-18,424B5
ENOV,2021-03-15,424B5
ENOV,2021-03-18,424B5
ROAD,2021-03-18,424B5
ROAD,2021-03-22,424B5
DGII,2021-03-02,424B5
DGII,2021-03-05,424B5
DEA,2021-02-25,424B5
EQH,2021-01-05,424B5
EQH,2021-01-06,424B5
FLO,2021-03-02,424B5
FCPT,2021-02-24,424B5
FRPT,2021-02-22,424B5
FRPT,2021-02-24,424B5
GATX,2021-02-02,424B5
GTY,2021-02-26,424B5
GT,2021-03-31,424B5
GTES,2021-02-23,424B5
G,2021-03-23,424B5
HR,2021-03-05,424B5
HQY,2021-02-16,424B5
HQY,2021-02-17,424B5
HL,2021-02-18,424B5
HLNE,2021-03-01,424B5
HLNE,2021-03-03,424B5
ILMN,2021-03-04,424B5
ITRI,2021-03-08,424B5
ITRI,2021-03-12,424B5
KRG,2021-02-23,424B5
KSS,2021-03-29,424B5
KSS,2021-03-30,424B5
KRYS,2021-02-02,424B5
LXP,2021-02-22,424B5
MAC,2021-02-01,424B5
MAC,2021-03-26,424B5
MPT,2021-01-06,424B5
MPT,2021-03-17,424B5
MP,2021-03-22,424B5
MP,2021-03-25,424B5
MUR,2021-03-02,424B5
MUR,2021-03-03,424B5
MARA,2021-01-14,424B5
MBIN,2021-03-16,424B5
NFG,2021-02-09,424B5
NHI,2021-01-19,424B5
NHI,2021-01-21,424B5
NNN,2021-03-01,424B5
NNN,2021-03-02,424B5
NAVI,2021-01-28,424B5
NEO,2021-01-05,424B5
NEO,2021-01-08,424B5
NEU,2021-03-04,424B5
NEU,2021-03-05,424B5
NOG,2021-02-03,424B5
NOG,2021-02-08,424B5
OHI,2021-03-03,424B5
OHI,2021-03-05,424B5
OGS,2021-03-08,424B5
OGS,2021-03-10,424B5
PARR,2021-03-15,424B5
PARR,2021-03-17,424B5
PEB,2021-02-04,424B5
PEB,2021-02-08,424B5
PRIM,2021-03-16,424B5
PRIM,2021-03-19,424B5
ROKU,2021-03-02,424B5
SITM,2021-02-16,424B5
SITM,2021-02-18,424B5
HTO,2021-03-08,424B5
HTO,2021-03-10,424B5
SR,2021-02-08,424B5
SKT,2021-02-24,424B5
TDS,2021-02-23,424B5
TDS,2021-02-25,424B5
TWLO,2021-02-18,424B5
TWLO,2021-02-22,424B5
TWLO,2021-03-03,424B5
TWLO,2021-03-08,424B5
TRNO,2021-02-10,424B5
VCYT,2021-02-03,424B5
VCYT,2021-02-05,424B5
VSEC,2021-01-28,424B5
WPC,2021-02-16,424B5
WPC,2021-02-18,424B5
WPC,2021-02-22,424B5
WPC,2021-02-23,424B5
WAFD,2021-02-01,424B5
WAFD,2021-02-03,424B5
WAL,2021-03-01,424B5
WU,2021-02-23,424B5
ASO,2021-05-07,424B4
DV,2021-04-22,424B4
DOCS,2021-06-25,424B4
FA,2021-06-24,424B4
LZ,2021-06-30,424B4
LFST,2021-06-11,424B4
NTST,2021-04-08,424B4
OPCH,2021-06-10,424B4
PRVA,2021-04-30,424B4
CXM,2021-06-24,424B4
PATH,2021-04-21,424B4
ADC,2021-05-05,424B5
ADC,2021-05-06,424B5
ADC,2021-06-14,424B5
AR,2021-05-11,424B5
ABR,2021-05-25,424B5
ABR,2021-05-27,424B5
ABR,2021-06-14,424B5
ABR,2021-06-16,424B5
ALGT,2021-05-05,424B5
ALGT,2021-05-07,424B5
ALLY,2021-04-19,424B5
ALLY,2021-05-25,424B5
AMH,2021-05-20,424B5
AMH,2021-05-21,424B5
ARR,2021-05-17,424B5
BWA,2021-05-12,424B5
BWA,2021-05-14,424B5
BNL,2021-06-23,424B5
BNL,2021-06-25,424B5
CAKE,2021-06-10,424B5
CAKE,2021-06-14,424B5
CLSK,2021-06-03,424B5
CG,2021-05-04,424B5
CG,2021-05-06,424B5
CG,2021-06-04,424B5
CG,2021-06-07,424B5
CELH,2021-06-09,424B5
CELH,2021-06-11,424B5
CXW,2021-04-07,424B5
CXW,2021-04-09,424B5
DAN,2021-04-29,424B5
DAN,2021-04-30,424B5
EXP,2021-06-21,424B5
EPRT,2021-04-12,424B5
EPRT,2021-06-22,424B5
EPRT,2021-06-23,424B5
DEA,2021-06-22,424B5
WTRG,2021-04-15,424B5
WTRG,2021-04-16,424B5
GEO,2021-06-28,424B5
GME,2021-04-05,424B5
GME,2021-06-09,424B5
HRB,2021-06-22,424B5
JBGS,2021-06-30,424B5
KBH,2021-05-25,424B5
LAMR,2021-06-22,424B5
LXP,2021-05-10,424B5
LXP,2021-05-12,424B5
LAD,2021-05-18,424B5
LAD,2021-05-21,424B5
MAC,2021-05-17,424B5
MARA,2021-06-11,424B5
VYX,2021-06-21,424B5
ADAM,2021-06-29,424B5
ADAM,2021-06-30,424B5
NOG,2021-06-16,424B5
NOG,2021-06-17,424B5
RITM,2021-04-14,424B5
RITM,2021-04-16,424B5
RITM,2021-05-19,424B5
OGE,2021-05-24,424B5
ORI,2021-06-08,424B5
ORI,2021-06-09,424B5
OSW,2021-06-23,424B5
OSW,2021-06-25,424B5
BTU,2021-06-04,424B5
PAG,2021-05-25,424B5
PAG,2021-05-26,424B5
PEB,2021-04-29,424B5
PEB,2021-05-06,424B5
PEB,2021-05-07,424B5
PMT,2021-06-15,424B5
PTGX,2021-06-14,424B5
PTGX,2021-06-17,424B5
RYN,2021-05-12,424B5
REXR,2021-05-24,424B5
REXR,2021-05-26,424B5
RHP,2021-05-27,424B5
SM,2021-06-09,424B5
SM,2021-06-10,424B5
SPNT,2021-06-30,424B5
SWX,2021-04-08,424B5
SHO,2021-05-11,424B5
SHO,2021-05-13,424B5
SKT,2021-05-10,424B5
TCBI,2021-04-29,424B5
TRNO,2021-06-11,424B5
UGI,2021-05-17,424B5
UGI,2021-05-18,424B5
UCTT,2021-04-05,424B5
UCTT,2021-04-09,424B5
UNM,2021-06-09,424B5
UE,2021-06-07,424B5
VLY,2021-05-25,424B5
VLY,2021-05-26,424B5
WPC,2021-06-07,424B5
WAL,2021-06-03,424B5
WAL,2021-06-04,424B5
WHR,2021-04-28,424B5
XPO,2021-06-28,424B5
XPO,2021-06-29,424B5
XHR,2021-05-21,424B5
ASO,2021-09-16,424B4
CERT,2021-09-09,424B4
YOU,2021-07-01,424B4
CNM,2021-07-26,424B4
DUOL,2021-07-28,424B4
BROS,2021-09-16,424B4
ACT,2021-09-17,424B4
GTES,2021-08-13,424B4
OPCH,2021-08-05,424B4
OPCH,2021-09-09,424B4
PECO,2021-07-16,424B4
RYAN,2021-07-23,424B4
RELY,2021-09-24,424B4
TOST,2021-09-22,424B4
VRRM,2021-08-19,424B4
WRBY,2021-09-29,424B4
AKR,2021-07-29,424B5
ADMA,2021-09-03,424B5
AMG,2021-07-08,424B5
AMG,2021-07-09,424B5
ADC,2021-09-08,424B5
ADC,2021-09-09,424B5
ATI,2021-09-10,424B5
NLY,2021-08-06,424B5
APG,2021-09-13,424B5
ABR,2021-08-04,424B5
ABR,2021-08-06,424B5
AN,2021-07-26,424B5
AN,2021-07-28,424B5
AVA,2021-08-06,424B5
AVTR,2021-09-13,424B5
AVTR,2021-09-15,424B5
BKH,2021-08-23,424B5
BXMT,2021-09-09,424B5
BXMT,2021-09-13,424B5
BC,2021-08-04,424B5
BC,2021-08-06,424B5
BILL,2021-09-21,424B5
BILL,2021-09-23,424B5
BNL,2021-08-24,424B5
BNL,2021-09-10,424B5
BNL,2021-09-14,424B5
CSR,2021-09-10,424B5
CAG,2021-08-09,424B5
CAG,2021-08-10,424B5
CDP,2021-08-02,424B5
CDP,2021-08-04,424B5
CUZ,2021-08-03,424B5
CYTK,2021-07-19,424B5
CYTK,2021-07-21,424B5
CCS,2021-08-03,424B5
CXW,2021-09-22,424B5
CXW,2021-09-23,424B5
CUBI,2021-08-03,424B5
CUBI,2021-08-04,424B5
DRH,2021-08-06,424B5
EGP,2021-07-28,424B5
EPRT,2021-07-30,424B5
DEA,2021-08-11,424B5
DEA,2021-08-13,424B5
EFC,2021-07-06,424B5
EFC,2021-07-08,424B5
EFC,2021-08-06,424B5
FNF,2021-09-14,424B5
GATX,2021-08-04,424B5
GTES,2021-08-10,424B5
HAFC,2021-08-17,424B5
HAFC,2021-08-19,424B5
HLNE,2021-09-07,424B5
HLNE,2021-09-09,424B5
H,2021-09-21,424B5
H,2021-09-24,424B5
H,2021-09-27,424B5
IRT,2021-07-26,424B5
IRT,2021-07-29,424B5
KRC,2021-09-23,424B5
KRC,2021-09-24,424B5
LMAT,2021-07-13,424B5
LMAT,2021-07-15,424B5
LXP,2021-08-16,424B5
LXP,2021-08-18,424B5
MPT,2021-09-22,424B5
MP,2021-09-13,424B5
MP,2021-09-15,424B5
MTCH,2021-09-22,424B5
NNN,2021-09-15,424B5
NNN,2021-09-16,424B5
ADAM,2021-08-10,424B5
RITM,2021-09-14,424B5
RITM,2021-09-16,424B5
NWN,2021-08-13,424B5
OHI,2021-08-05,424B5
BTU,2021-09-17,424B5
PEB,2021-07-21,424B5
PEB,2021-07-22,424B5
PMT,2021-08-17,424B5
PMT,2021-08-18,424B5
PECO,2021-09-29,424B5
RBC,2021-09-20,424B5
RBC,2021-09-23,424B5
RNR,2021-07-07,424B5
RNR,2021-07-09,424B5
REXR,2021-08-04,424B5
REXR,2021-08-05,424B5
REXR,2021-09-22,424B5
REXR,2021-09-24,424B5
PENG,2021-07-09,424B5
SF,2021-07-15,424B5
SBRA,2021-08-06,424B5
SBRA,2021-09-21,424B5
SBRA,2021-09-22,424B5
FOUR,2021-07-20,424B5
SPNT,2021-08-13,424B5
SHO,2021-07-13,424B5
SHO,2021-07-14,424B5
SKT,2021-08-05,424B5
SKT,2021-08-06,424B5
TDS,2021-08-09,424B5
TDS,2021-08-11,424B5
UTL,2021-08-03,424B5
UTL,2021-08-05,424B5
VNO,2021-09-13,424B5
VNO,2021-09-15,424B5
WPC,2021-08-09,424B5
WSO,2021-08-06,424B5
WAL,2021-09-15,424B5
WAL,2021-09-16,424B5
WLK,2021-08-05,424B5
WLK,2021-08-06,424B5
ALHC,2021-11-19,424B4
CERT,2021-11-19,424B4
DV,2021-11-19,424B4
FA,2021-11-12,424B4
HTZ,2021-11-10,424B4
LTH,2021-10-08,424B4
PRVA,2021-11-22,424B4
VRRM,2021-12-09,424B4
VCTR,2021-11-18,424B4
COCO,2021-10-22,424B4
ADMA,2021-10-20,424B5
ADMA,2021-10-21,424B5
ADC,2021-12-08,424B5
ADC,2021-12-10,424B5
ANIP,2021-11-03,424B5
ANIP,2021-11-05,424B5
ABR,2021-10-04,424B5
ABR,2021-10-06,424B5
ABR,2021-11-01,424B5
ABR,2021-11-03,424B5
ARW,2021-11-16,424B5
ABG,2021-11-04,424B5
ALLY,2021-10-26,424B5
AAT,2021-12-03,424B5
ARR,2021-11-15,424B5
AUB,2021-12-01,424B5
AUB,2021-12-02,424B5
BXMT,2021-11-18,424B5
BXMT,2021-11-22,424B5
BHF,2021-11-10,424B5
BHF,2021-11-12,424B5
CDP,2021-11-02,424B5
CDP,2021-11-04,424B5
CUBE,2021-11-15,424B5
CUBE,2021-11-18,424B5
CUBE,2021-11-22,424B5
DAN,2021-11-15,424B5
DAN,2021-11-16,424B5
EPR,2021-10-13,424B5
EPR,2021-10-14,424B5
EFC,2021-10-12,424B5
EFC,2021-10-14,424B5
EFC,2021-12-08,424B5
EFC,2021-12-09,424B5
FR,2021-10-26,424B5
GLPI,2021-12-06,424B5
GLPI,2021-12-07,424B5
GRBK,2021-12-16,424B5
GRBK,2021-12-20,424B5
HRMY,2021-11-09,424B5
KRG,2021-11-30,424B5
KRYS,2021-11-29,424B5
LEA,2021-11-04,424B5
LEA,2021-11-05,424B5
LEG,2021-11-16,424B5
MTCH,2021-10-04,424B5
NAVI,2021-11-01,424B5
ADAM,2021-11-17,424B5
ADAM,2021-11-18,424B5
NOG,2021-11-17,424B5
NOG,2021-11-19,424B5
BTU,2021-12-17,424B5
PTON,2021-11-16,424B5
PTON,2021-11-18,424B5
PECO,2021-10-01,424B5
PRI,2021-11-16,424B5
PRI,2021-11-18,424B5
RNST,2021-11-17,424B5
RNST,2021-11-19,424B5
SITM,2021-11-08,424B5
SITM,2021-11-10,424B5
HTO,2021-11-18,424B5
STAG,2021-11-03,424B5
STWD,2021-12-07,424B5
STWD,2021-12-09,424B5
SBRA,2021-10-12,424B5
SBRA,2021-10-14,424B5
SRPT,2021-10-12,424B5
SRPT,2021-10-15,424B5
TDW,2021-11-17,424B5
TRNO,2021-11-04,424B5
TRNO,2021-11-05,424B5
WPC,2021-10-05,424B5
WPC,2021-10-06,424B5
WSO,2021-11-04,424B5
WAL,2021-11-19,424B5
NVT,2021-11-08,424B5
NVT,2021-11-09,424B5
CNM,2022-01-07,424B4
AKR,2022-03-02,424B5
AAP,2022-03-01,424B5
NLY,2022-01-31,424B5
ATR,2022-03-02,424B5
ATR,2022-03-04,424B5
ABR,2022-01-31,424B5
ABR,2022-02-02,424B5
ABR,2022-03-17,424B5
ABR,2022-03-21,424B5
AN,2022-02-23,424B5
AN,2022-02-25,424B5
AMH,2022-01-19,424B5
AMH,2022-01-20,424B5
APLE,2022-02-23,424B5
AX,2022-02-16,424B5
AX,2022-02-17,424B5
BIO,2022-02-23,424B5
BXMT,2022-03-24,424B5
BXMT,2022-03-28,424B5
BC,2022-03-22,424B5
BC,2022-03-24,424B5
CMC,2022-01-13,424B5
CMC,2022-01-14,424B5
CELH,2022-01-07,424B5
CDE,2022-02-17,424B5
ELS,2022-02-24,424B5
EFC,2022-01-20,424B5
FBIN,2022-03-22,424B5
FBIN,2022-03-25,424B5
GATX,2022-03-04,424B5
GTES,2022-03-24,424B5
GTES,2022-03-28,424B5
HL,2022-02-24,424B5
HOMB,2022-01-13,424B5
HOMB,2022-01-18,424B5
HASI,2022-03-02,424B5
IIPR,2022-02-01,424B5
IIPR,2022-03-31,424B5
IVT,2022-03-07,424B5
KMPR,2022-02-15,424B5
KMPR,2022-03-03,424B5
LNC,2022-02-23,424B5
LNC,2022-02-25,424B5
LTC,2022-02-18,424B5
MARA,2022-02-14,424B5
NTST,2022-01-10,424B5
NTST,2022-01-12,424B5
ADAM,2022-03-02,424B5
NWN,2022-03-29,424B5
OUT,2022-02-24,424B5
BTU,2022-03-07,424B5
PECO,2022-02-10,424B5
RPM,2022-01-10,424B5
RPM,2022-01-12,424B5
REXR,2022-01-13,424B5
SON,2022-01-11,424B5
STAG,2022-02-17,424B5
SWX,2022-03-28,424B5
SWX,2022-03-29,424B5
TKR,2022-03-22,424B5
TKR,2022-03-23,424B5
WSO,2022-02-25,424B5
WSBC,2022-03-18,424B5
WSBC,2022-03-21,424B5
WAL,2022-02-28,424B5
WMG,2022-01-05,424B5
AMG,2022-05-27,424B5
ADC,2022-05-26,424B5
ADC,2022-05-31,424B5
ADC,2022-06-03,424B5
NLY,2022-05-16,424B5
NLY,2022-05-17,424B5
AVA,2022-05-09,424B5
ALLY,2022-06-06,424B5
ARR,2022-06-09,424B5
BBT,2022-06-28,424B5
BBT,2022-06-29,424B5
CWT,2022-04-29,424B5
CDP,2022-05-16,424B5
DCOM,2022-05-03,424B5
DCOM,2022-05-05,424B5
EPRT,2022-05-02,424B5
WTRG,2022-05-18,424B5
WTRG,2022-05-19,424B5
FRPT,2022-05-03,424B5
FRPT,2022-05-05,424B5
GLPI,2022-06-28,424B5
IIPR,2022-04-04,424B5
JXN,2022-06-01,424B5
KBH,2022-06-07,424B5
LQDA,2022-04-12,424B5
REXR,2022-05-27,424B5
SITM,2022-05-04,424B5
SR,2022-05-09,424B5
STWD,2022-05-13,424B5
WPC,2022-05-02,424B5
WHR,2022-05-03,424B5
WTFC,2022-06-07,424B5
WTFC,2022-06-09,424B5
CRBG,2022-09-16,424B4
CRGY,2022-09-09,424B4
OPCH,2022-08-18,424B4
ADC,2022-08-03,424B5
ADC,2022-08-15,424B5
ADC,2022-08-17,424B5
ADC,2022-09-02,424B5
ADC,2022-09-29,424B5
ADC,2022-09-30,424B5
NLY,2022-08-01,424B5
NLY,2022-08-02,424B5
BGC,2022-08-12,424B5
BXMT,2022-07-29,424B5
BBWI,2022-07-29,424B5
BNL,2022-08-10,424B5
BNL,2022-08-12,424B5
CE,2022-07-07,424B5
CE,2022-07-11,424B5
CE,2022-07-12,424B5
CE,2022-07-14,424B5
CNM,2022-09-15,424B5
CNM,2022-09-19,424B5
EPRT,2022-08-01,424B5
EPRT,2022-08-02,424B5
EPRT,2022-09-28,424B5
FNB,2022-08-18,424B5
GATX,2022-08-09,424B5
GLPI,2022-08-12,424B5
INSP,2022-08-11,424B5
INSP,2022-08-15,424B5
MSEX,2022-08-03,424B5
MBIN,2022-09-22,424B5
NTST,2022-08-03,424B5
NTST,2022-08-05,424B5
NWL,2022-09-09,424B5
NWL,2022-09-12,424B5
OGS,2022-08-04,424B5
OGS,2022-08-05,424B5
POR,2022-08-02,424B5
RGA,2022-09-15,424B5
RITM,2022-08-05,424B5
TDW,2022-08-10,424B5
TDW,2022-08-11,424B5
TMDX,2022-08-03,424B5
TMDX,2022-08-05,424B5
UMBF,2022-09-23,424B5
UE,2022-08-16,424B5
VLY,2022-09-15,424B5
VLY,2022-09-19,424B5
DV,2022-11-14,424B4
ESAB,2022-11-17,424B4
ADMA,2022-12-06,424B5
ADMA,2022-12-07,424B5
NLY,2022-11-03,424B5
ABR,2022-11-04,424B5
ALLY,2022-11-07,424B5
ARR,2022-11-04,424B5
BRX,2022-11-01,424B5
LEU,2022-12-06,424B5
CDE,2022-11-09,424B5
CRSR,2022-11-14,424B5
CRSR,2022-11-16,424B5
EGP,2022-12-16,424B5
WTRG,2022-10-17,424B5
FCPT,2022-11-07,424B5
GLPI,2022-12-21,424B5
GNL,2022-11-07,424B5
JEF,2022-11-01,424B5
KNSL,2022-11-10,424B5
KNSL,2022-11-14,424B5
LNC,2022-11-14,424B5
LNC,2022-11-15,424B5
LNC,2022-11-17,424B5
TXNM,2022-11-10,424B5
POR,2022-10-25,424B5
POR,2022-10-27,424B5
RYN,2022-11-04,424B5
REXR,2022-11-10,424B5
ROIV,2022-10-03,424B5
ROIV,2022-11-08,424B5
ROIV,2022-11-09,424B5
TDW,2022-11-08,424B5
TDW,2022-11-09,424B5
DV,2023-03-07,424B4
NXT,2023-02-10,424B4
OPCH,2023-03-03,424B4
AAP,2023-03-06,424B5
ARW,2023-02-27,424B5
ASB,2023-02-08,424B5
ALLY,2023-02-08,424B5
ARR,2023-01-17,424B5
BKH,2023-03-02,424B5
CUZ,2023-02-17,424B5
CYTK,2023-03-01,424B5
WHD,2023-01-10,424B5
WHD,2023-01-12,424B5
CDE,2023-02-23,424B5
CUBE,2023-03-03,424B5
EMN,2023-02-22,424B5
EMN,2023-02-23,424B5
EPRT,2023-02-21,424B5
EFC,2023-01-24,424B5
EFC,2023-02-02,424B5
EFC,2023-02-03,424B5
FR,2023-02-24,424B5
GTY,2023-02-24,424B5
GTY,2023-02-28,424B5
GTY,2023-03-02,424B5
HIW,2023-02-08,424B5
HLNE,2023-03-06,424B5
HLNE,2023-03-08,424B5
HASI,2023-02-23,424B5
IIPR,2023-01-23,424B5
JXN,2023-03-06,424B5
JXN,2023-03-07,424B5
JEF,2023-01-12,424B5
MIR,2023-02-21,424B5
MIR,2023-03-06,424B5
NHI,2023-03-16,424B5
OGS,2023-02-24,424B5
OGS,2023-03-09,424B5
OGS,2023-03-10,424B5
ORA,2023-03-14,424B5
ORA,2023-03-16,424B5
REXR,2023-02-17,424B5
REXR,2023-03-28,424B5
REXR,2023-03-29,424B5
ROIV,2023-02-01,424B5
ROIV,2023-02-06,424B5
HTO,2023-03-02,424B5
SBRA,2023-02-23,424B5
SWX,2023-03-07,424B5
SWX,2023-03-09,424B5
SHO,2023-03-01,424B5
TRNO,2023-02-09,424B5
TRNO,2023-02-13,424B5
VFC,2023-02-27,424B5
WHR,2023-02-15,424B5
ATMU,2023-05-26,424B4
CAVA,2023-06-16,424B4
GPOR,2023-06-23,424B4
KGS,2023-06-30,424B4
NXT,2023-06-30,424B4
RYAN,2023-05-24,424B4
ADC,2023-05-05,424B5
ANIP,2023-05-11,424B5
ANIP,2023-05-12,424B5
ALLY,2023-06-08,424B5
AMH,2023-06-09,424B5
BKH,2023-06-16,424B5
CWST,2023-06-12,424B5
CWST,2023-06-14,424B5
CNM,2023-04-12,424B5
CNM,2023-06-08,424B5
CNM,2023-06-09,424B5
FMC,2023-05-15,424B5
FBIN,2023-06-06,424B5
FBIN,2023-06-08,424B5
FBRT,2023-04-14,424B5
GATX,2023-05-02,424B5
GTES,2023-05-16,424B5
GTES,2023-05-19,424B5
HASI,2023-05-11,424B5
HASI,2023-05-23,424B5
HASI,2023-05-26,424B5
H,2023-06-26,424B5
SAFE,2023-04-05,424B5
JEF,2023-04-04,424B5
JEF,2023-04-06,424B5
JEF,2023-04-10,424B5
JEF,2023-05-12,424B5
JEF,2023-06-29,424B5
KRYS,2023-05-08,424B5
MIR,2023-05-15,424B5
NFG,2023-05-15,424B5
NAVI,2023-05-01,424B5
NOG,2023-05-15,424B5
NOG,2023-05-17,424B5
OSW,2023-05-17,424B5
OSW,2023-05-18,424B5
OVV,2023-05-12,424B5
OVV,2023-05-18,424B5
PPC,2023-04-04,424B5
PPC,2023-04-05,424B5
POR,2023-04-28,424B5
PTGX,2023-04-04,424B5
PTGX,2023-04-06,424B5
RGA,2023-06-05,424B5
RNR,2023-05-22,424B5
RNR,2023-05-25,424B5
RNR,2023-06-02,424B5
RDNT,2023-06-13,424B5
RDNT,2023-06-14,424B5
REXR,2023-05-10,424B5
REXR,2023-05-12,424B5
RHP,2023-06-05,424B5
RHP,2023-06-07,424B5
STWD,2023-06-22,424B5
STWD,2023-06-23,424B5
SDGR,2023-05-24,424B5
USPH,2023-05-23,424B5
USPH,2023-05-25,424B5
USFD,2023-05-23,424B5
NVT,2023-04-24,424B5
NVT,2023-04-25,424B5
DV,2023-08-08,424B4
CART,2023-09-20,424B4
ATI,2023-08-08,424B5
AVA,2023-08-02,424B5
ARR,2023-07-26,424B5
BKH,2023-09-06,424B5
CAG,2023-07-17,424B5
CAG,2023-07-18,424B5
COTY,2023-09-25,424B5
CTRE,2023-09-15,424B5
CDE,2023-08-10,424B5
CNM,2023-09-15,424B5
CNM,2023-09-18,424B5
BROS,2023-09-06,424B5
BROS,2023-09-11,424B5
EPRT,2023-09-15,424B5
DEA,2023-08-09,424B5
FCPT,2023-08-03,424B5
GATX,2023-09-07,424B5
GTES,2023-08-08,424B5
GTES,2023-08-10,424B5
HMN,2023-09-14,424B5
HASI,2023-09-05,424B5
IRT,2023-07-28,424B5
JEF,2023-07-03,424B5
JEF,2023-07-06,424B5
JEF,2023-09-28,424B5
JEF,2023-09-29,424B5
MAC,2023-08-07,424B5
MSEX,2023-07-25,424B5
MHK,2023-09-11,424B5
NFG,2023-08-11,424B5
NNN,2023-08-03,424B5
NNN,2023-08-08,424B5
NNN,2023-08-09,424B5
OGS,2023-09-12,424B5
OGS,2023-09-13,424B5
PTEN,2023-09-13,424B5
PPC,2023-09-27,424B5
PPC,2023-09-28,424B5
PMT,2023-09-18,424B5
PMT,2023-09-20,424B5
PTGX,2023-08-11,424B5
ROIV,2023-09-26,424B5
SAFE,2023-08-07,424B5
SAFE,2023-08-09,424B5
TRNO,2023-09-06,424B5
VSEC,2023-07-19,424B5
XHR,2023-08-16,424B5
DV,2023-11-14,424B4
FG,2023-11-30,424B4
GPOR,2023-12-12,424B4
KNF,2023-11-06,424B4
KNF,2023-11-08,424B4
SN,2023-12-06,424B4
ALLY,2023-12-11,424B5
ARR,2023-10-25,424B5
CPK,2023-11-09,424B5
CPK,2023-11-14,424B5
CNM,2023-11-07,424B5
CNM,2023-11-08,424B5
CNM,2023-12-07,424B5
CNM,2023-12-08,424B5
EGP,2023-10-25,424B5
EFC,2023-11-13,424B5
GATX,2023-11-01,424B5
GEO,2023-12-28,424B5
GLPI,2023-11-15,424B5
GTES,2023-12-07,424B5
GTES,2023-12-11,424B5
HCI,2023-12-06,424B5
HCI,2023-12-07,424B5
IDA,2023-11-07,424B5
IDA,2023-11-09,424B5
INSW,2023-12-20,424B5
JLL,2023-11-13,424B5
JEF,2023-10-02,424B5
LXP,2023-11-02,424B5
LXP,2023-11-03,424B5
NAVI,2023-10-31,424B5
NTST,2023-10-25,424B5
NOG,2023-10-10,424B5
NOG,2023-10-12,424B5
OGS,2023-12-11,424B5
OGS,2023-12-12,424B5
REXR,2023-10-23,424B5
ROIV,2023-10-06,424B5
SWX,2023-11-28,424B5
SKT,2023-12-06,424B5
WSO,2023-11-03,424B5
AHR,2024-02-08,424B4
BTSG,2024-01-26,424B4
SN,2024-03-21,424B4
AKR,2024-01-08,424B5
AKR,2024-01-09,424B5
AKR,2024-01-10,424B5
AMG,2024-03-15,424B5
AGCO,2024-03-14,424B5
AGYS,2024-02-14,424B5
AGYS,2024-02-15,424B5
ADC,2024-02-16,424B5
AWR,2024-02-27,424B5
ARWR,2024-01-04,424B5
APLE,2024-02-23,424B5
BC,2024-03-14,424B5
BC,2024-03-15,424B5
LEU,2024-02-09,424B5
CLSK,2024-03-28,424B5
CNM,2024-01-08,424B5
CNM,2024-01-09,424B5
CNM,2024-01-22,424B5
CNM,2024-01-24,424B5
CXW,2024-03-04,424B5
CXW,2024-03-07,424B5
EMN,2024-02-15,424B5
EMN,2024-02-16,424B5
ELS,2024-02-28,424B5
DEA,2024-02-28,424B5
WTRG,2024-01-04,424B5
WTRG,2024-01-05,424B5
GATX,2024-02-28,424B5
GTY,2024-02-16,424B5
GTES,2024-02-12,424B5
GTES,2024-02-14,424B5
HL,2024-02-15,424B5
HLNE,2024-03-04,424B5
HLNE,2024-03-06,424B5
ICHR,2024-03-12,424B5
ICHR,2024-03-14,424B5
JEF,2024-01-22,424B5
JEF,2024-01-23,424B5
JEF,2024-01-26,424B5
KRC,2024-01-09,424B5
KRC,2024-01-10,424B5
KRC,2024-03-01,424B5
KTOS,2024-02-21,424B5
KTOS,2024-02-23,424B5
KD,2024-02-15,424B5
KD,2024-02-16,424B5
LNC,2024-03-11,424B5
LNC,2024-03-13,424B5
LKQ,2024-02-28,424B5
LKQ,2024-03-01,424B5
LXP,2024-02-16,424B5
MTDR,2024-03-26,424B5
NTST,2024-01-09,424B5
NTST,2024-01-11,424B5
ORI,2024-03-25,424B5
ORI,2024-03-26,424B5
OHI,2024-03-14,424B5
PECO,2024-02-12,424B5
RDN,2024-02-27,424B5
RDN,2024-03-01,424B5
RDNT,2024-03-07,424B5
RDNT,2024-03-08,424B5
REXR,2024-03-25,424B5
REXR,2024-03-27,424B5
SITM,2024-02-27,424B5
SR,2024-02-06,424B5
SAFE,2024-02-29,424B5
SAFE,2024-03-01,424B5
SPNT,2024-03-21,424B5
SPNT,2024-03-29,424B5
TRNO,2024-02-09,424B5
TRNO,2024-03-25,424B5
TRNO,2024-03-27,424B5
WSO,2024-03-29,424B5
WHR,2024-02-23,424B5
ULS,2024-04-15,424B4
UMBF,2024-04-30,424B4
WAY,2024-06-07,424B4
ADC,2024-05-06,424B5
ADC,2024-05-08,424B5
APG,2024-04-16,424B5
ABR,2024-05-03,424B5
ARW,2024-04-01,424B5
AVA,2024-05-07,424B5
AZZ,2024-04-25,424B5
AZZ,2024-04-29,424B5
ADUS,2024-06-26,424B5
ADUS,2024-06-28,424B5
ARR,2024-06-20,424B5
ARR,2024-06-21,424B5
BOH,2024-06-18,424B5
BOH,2024-06-20,424B5
BKH,2024-05-13,424B5
BRKR,2024-05-31,424B5
CSR,2024-05-09,424B5
CHH,2024-06-25,424B5
CHH,2024-06-26,424B5
CNS,2024-04-22,424B5
CUZ,2024-05-08,424B5
CYTK,2024-05-22,424B5
CYTK,2024-05-24,424B5
CTRE,2024-05-06,424B5
LPG,2024-06-05,424B5
LPG,2024-06-06,424B5
DCOM,2024-06-25,424B5
DCOM,2024-06-27,424B5
EPRT,2024-06-17,424B5
ACT,2024-05-20,424B5
ACT,2024-05-24,424B5
ESNT,2024-06-26,424B5
ESNT,2024-06-28,424B5
FG,2024-05-16,424B5
FG,2024-05-22,424B5
FULT,2024-04-29,424B5
GATX,2024-06-04,424B5
GXO,2024-04-25,424B5
GME,2024-05-17,424B5
GME,2024-06-07,424B5
GTES,2024-05-15,424B5
GTES,2024-05-17,424B5
G,2024-05-28,424B5
H,2024-06-03,424B5
IDA,2024-05-20,424B5
IIPR,2024-05-24,424B5
JEF,2024-04-01,424B5
JEF,2024-04-02,424B5
JEF,2024-04-03,424B5
JEF,2024-04-05,424B5
JEF,2024-06-28,424B5
LIF,2024-06-03,424B5
LIF,2024-06-06,424B5
MTZ,2024-06-05,424B5
MTZ,2024-06-06,424B5
MBIN,2024-05-13,424B5
ADAM,2024-06-25,424B5
ADAM,2024-06-26,424B5
NNN,2024-05-21,424B5
NNN,2024-05-22,424B5
OGE,2024-05-06,424B5
OC,2024-05-28,424B5
TXNM,2024-05-06,424B5
PFS,2024-05-09,424B5
PFS,2024-05-10,424B5
PVH,2024-04-09,424B5
PVH,2024-04-11,424B5
PMT,2024-06-14,424B5
PECO,2024-05-08,424B5
PECO,2024-05-09,424B5
RGA,2024-05-08,424B5
TKR,2024-05-16,424B5
TKR,2024-05-20,424B5
UMBF,2024-04-29,424B5
UNM,2024-06-05,424B5
VSEC,2024-05-14,424B5
WPC,2024-05-07,424B5
WPC,2024-05-09,424B5
WPC,2024-06-18,424B5
WPC,2024-06-20,424B5
WSO,2024-05-03,424B5
CON,2024-07-26,424B4
LQDA,2024-09-11,424B4
ULS,2024-09-06,424B4
AKR,2024-09-30,424B5
AMG,2024-08-15,424B5
AMG,2024-08-16,424B5
ALGM,2024-07-23,424B5
ALGM,2024-07-25,424B5
NLY,2024-09-20,424B5
ARW,2024-08-12,424B5
ASB,2024-08-28,424B5
ALLY,2024-07-22,424B5
AHR,2024-09-18,424B5
AROC,2024-07-22,424B5
AROC,2024-07-24,424B5
ARR,2024-08-23,424B5
ARR,2024-09-20,424B5
BWA,2024-08-07,424B5
BWA,2024-08-09,424B5
CWST,2024-09-17,424B5
CWST,2024-09-18,424B5
CSR,2024-07-29,424B5
CSR,2024-09-09,424B5
CUZ,2024-08-13,424B5
CSW,2024-09-04,424B5
CSW,2024-09-06,424B5
CTRE,2024-08-29,424B5
DRH,2024-08-05,424B5
EMN,2024-07-29,424B5
EMN,2024-07-30,424B5
DEA,2024-08-01,424B5
EFC,2024-09-30,424B5
WTRG,2024-08-08,424B5
WTRG,2024-08-09,424B5
WTRG,2024-08-13,424B5
FCPT,2024-09-17,424B5
GTY,2024-07-29,424B5
GTY,2024-07-31,424B5
GME,2024-09-10,424B5
GLPI,2024-07-30,424B5
GLPI,2024-08-01,424B5
GTES,2024-08-15,424B5
GTES,2024-08-19,424B5
HE,2024-09-19,424B5
HE,2024-09-23,424B5
HE,2024-09-24,424B5
IRT,2024-09-03,424B5
IRT,2024-09-05,424B5
IVT,2024-09-23,424B5
IVT,2024-09-24,424B5
JEF,2024-07-02,424B5
JEF,2024-07-03,424B5
JEF,2024-07-05,424B5
JEF,2024-07-08,424B5
JEF,2024-07-10,424B5
JEF,2024-07-11,424B5
JEF,2024-09-30,424B5
LAMR,2024-07-24,424B5
LTH,2024-08-12,424B5
LTH,2024-08-13,424B5
MUR,2024-09-19,424B5
MUR,2024-09-20,424B5
NHI,2024-08-14,424B5
NHI,2024-08-15,424B5
NNN,2024-08-02,424B5
NWN,2024-08-09,424B5
OGS,2024-08-08,424B5
OGS,2024-08-12,424B5
PRGO,2024-09-09,424B5
PRGO,2024-09-13,424B5
POR,2024-07-26,424B5
PLMR,2024-08-08,424B5
PLMR,2024-08-09,424B5
PR,2024-07-29,424B5
PR,2024-07-30,424B5
PECO,2024-09-09,424B5
PECO,2024-09-11,424B5
RNST,2024-07-29,424B5
RNST,2024-07-30,424B5
RXO,2024-09-09,424B5
RXO,2024-09-10,424B5
RITM,2024-09-24,424B5
RITM,2024-09-25,424B5
SON,2024-09-13,424B5
SON,2024-09-16,424B5
STWD,2024-09-03,424B5
STWD,2024-09-05,424B5
SBRA,2024-08-07,424B5
SWX,2024-08-06,424B5
STEP,2024-09-09,424B5
STEP,2024-09-10,424B5
TRNO,2024-08-28,424B5
VVX,2024-09-04,424B5
VVX,2024-09-06,424B5
VLY,2024-07-29,424B5
VLY,2024-07-31,424B5
VOYA,2024-09-13,424B5
XNCR,2024-09-10,424B5
XNCR,2024-09-12,424B5
AUB,2024-10-22,424B4
ONB,2024-11-26,424B4
ORA,2024-12-12,424B4
SEI,2024-11-25,424B4
SEI,2024-12-09,424B4
SARO,2024-10-02,424B4
AKR,2024-10-01,424B5
AKR,2024-10-28,424B5
ADC,2024-10-24,424B5
ADC,2024-10-25,424B5
ADC,2024-10-28,424B5
ASB,2024-11-15,424B5
ALLY,2024-12-02,424B5
AHR,2024-11-18,424B5
AUB,2024-10-21,424B5
CPK,2024-11-22,424B5
CUZ,2024-11-07,424B5
CUZ,2024-11-08,424B5
CUZ,2024-12-10,424B5
CUZ,2024-12-11,424B5
CUZ,2024-12-12,424B5
CTRE,2024-10-30,424B5
CTRE,2024-10-31,424B5
DTM,2024-11-20,424B5
DTM,2024-11-21,424B5
DCOM,2024-11-12,424B5
DCOM,2024-11-13,424B5
EGP,2024-10-25,424B5
ELS,2024-11-01,424B5
EPRT,2024-10-25,424B5
FG,2024-10-01,424B5
FG,2024-10-02,424B5
FNB,2024-12-04,424B5
FBRT,2024-11-08,424B5
GTES,2024-10-31,424B5
GTES,2024-11-04,424B5
H,2024-11-18,424B5
JEF,2024-10-01,424B5
JEF,2024-10-02,424B5
JEF,2024-10-03,424B5
JEF,2024-10-04,424B5
JEF,2024-10-07,424B5
JEF,2024-10-08,424B5
LTC,2024-11-13,424B5
LAZ,2024-12-05,424B5
MAC,2024-11-12,424B5
MAC,2024-11-25,424B5
MAC,2024-11-26,424B5
MBIN,2024-11-18,424B5
MBIN,2024-11-20,424B5
NWL,2024-10-29,424B5
NWL,2024-10-31,424B5
ONB,2024-11-25,424B5
SMTC,2024-12-04,424B5
SMTC,2024-12-09,424B5
HTO,2024-10-30,424B5
SAFE,2024-11-12,424B5
SAFE,2024-11-13,424B5
VVX,2024-11-12,424B5
VVX,2024-11-14,424B5
VLY,2024-11-07,424B5
VLY,2024-11-12,424B5
VSEC,2024-10-15,424B5
WPC,2024-11-12,424B5
WPC,2024-11-14,424B5
WSO,2024-11-04,424B5
AMTM,2025-03-12,424B4
KRMN,2025-02-13,424B4
SARO,2025-03-26,424B4
AKR,2025-02-14,424B5
AMG,2025-03-07,424B5
AN,2025-02-21,424B5
APLE,2025-02-25,424B5
RCUS,2025-02-18,424B5
ARR,2025-02-13,424B5
AESI,2025-01-30,424B5
AESI,2025-02-03,424B5
AX,2025-01-28,424B5
CTRE,2025-01-21,424B5
CE,2025-03-05,424B5
CE,2025-03-10,424B5
CUBE,2025-03-03,424B5
EMN,2025-02-18,424B5
EMN,2025-02-20,424B5
FG,2025-01-06,424B5
FG,2025-01-07,424B5
FG,2025-03-19,424B5
FG,2025-03-21,424B5
FLO,2025-02-11,424B5
FCPT,2025-02-14,424B5
GATX,2025-02-05,424B5
HASI,2025-03-03,424B5
HL,2025-02-14,424B5
HXL,2025-02-11,424B5
DINO,2025-01-08,424B5
DINO,2025-01-10,424B5
HLNE,2025-02-10,424B5
HLNE,2025-02-11,424B5
H,2025-03-17,424B5
IDA,2025-02-24,424B5
INDB,2025-03-20,424B5
IIPR,2025-02-26,424B5
IVT,2025-02-20,424B5
JEF,2025-01-10,424B5
JEF,2025-01-13,424B5
JEF,2025-01-14,424B5
JEF,2025-01-15,424B5
JEF,2025-01-16,424B5
JEF,2025-01-17,424B5
JEF,2025-01-21,424B5
JEF,2025-01-22,424B5
JEF,2025-01-23,424B5
JEF,2025-01-28,424B5
JEF,2025-03-27,424B5
JEF,2025-03-31,424B5
MARA,2025-03-28,424B5
MATW,2025-03-11,424B5
MTH,2025-02-27,424B5
NFG,2025-02-04,424B5
ADAM,2025-01-08,424B5
ADAM,2025-01-10,424B5
NXRT,2025-03-20,424B5
NWN,2025-03-14,424B5
PMT,2025-02-04,424B5
PMT,2025-02-05,424B5
PECO,2025-02-07,424B5
RGA,2025-02-25,424B5
RNR,2025-02-19,424B5
SIGI,2025-02-20,424B5
SLM,2025-01-29,424B5
SLM,2025-01-30,424B5
STAG,2025-02-13,424B5
SPNT,2025-02-25,424B5
SKT,2025-02-24,424B5
ZWS,2025-02-11,424B5
SARO,2025-05-22,424B4
UMBF,2025-05-30,424B4
ADC,2025-04-23,424B5
ADC,2025-04-25,424B5
ADC,2025-05-14,424B5
ADC,2025-05-16,424B5
NLY,2025-05-08,424B5
AVA,2025-05-07,424B5
AVAV,2025-06-30,424B5
ALLY,2025-05-12,424B5
BKH,2025-05-08,424B5
CWT,2025-05-14,424B5
LEU,2025-05-09,424B5
CUZ,2025-05-28,424B5
EPRT,2025-04-28,424B5
FR,2025-05-12,424B5
FR,2025-05-13,424B5
FIBK,2025-06-05,424B5
FIBK,2025-06-06,424B5
FMC,2025-05-19,424B5
GT,2025-05-29,424B5
GLPI,2025-05-02,424B5
HASI,2025-06-12,424B5
HASI,2025-06-16,424B5
IDA,2025-05-08,424B5
IDA,2025-05-09,424B5
IIPR,2025-05-13,424B5
JEF,2025-04-01,424B5
JEF,2025-04-02,424B5
JEF,2025-04-03,424B5
JEF,2025-04-04,424B5
JEF,2025-04-07,424B5
JEF,2025-04-08,424B5
JEF,2025-04-09,424B5
JEF,2025-06-26,424B5
JEF,2025-06-27,424B5
JEF,2025-06-30,424B5
KTOS,2025-06-25,424B5
KTOS,2025-06-27,424B5
MSEX,2025-05-12,424B5
NAVI,2025-05-14,424B5
ADAM,2025-06-13,424B5
ADAM,2025-06-30,424B5
NNN,2025-06-24,424B5
NNN,2025-06-25,424B5
OHI,2025-06-06,424B5
OHI,2025-06-10,424B5
OHI,2025-06-11,424B5
OGS,2025-05-09,424B5
PVH,2025-06-10,424B5
PVH,2025-06-12,424B5
PMT,2025-06-03,424B5
PMT,2025-06-04,424B5
PECO,2025-06-12,424B5
PECO,2025-06-13,424B5
RHP,2025-05-19,424B5
RHP,2025-05-20,424B5
SITM,2025-06-24,424B5
SITM,2025-06-26,424B5
SR,2025-05-07,424B5
STWD,2025-05-12,424B5
FOUR,2025-04-30,424B5
FOUR,2025-05-02,424B5
SEI,2025-05-01,424B5
SEI,2025-05-02,424B5
SSB,2025-06-10,424B5
SSB,2025-06-11,424B5
TOL,2025-06-05,424B5
TOL,2025-06-06,424B5
UMBF,2025-05-29,424B5
UTL,2025-06-03,424B5
VVX,2025-05-19,424B5
WPC,2025-05-01,424B5
WHR,2025-06-10,424B5
WTFC,2025-05-08,424B5
WTFC,2025-05-09,424B5
AIR,2025-09-30,424B5
AFG,2025-09-16,424B5
AFG,2025-09-17,424B5
NLY,2025-07-31,424B5
NLY,2025-08-01,424B5
AVA,2025-08-08,424B5
AVAV,2025-07-03,424B5
ALLY,2025-07-28,424B5
AHR,2025-08-08,424B5
ARR,2025-07-25,424B5
ARR,2025-08-05,424B5
ARR,2025-08-06,424B5
AX,2025-09-16,424B5
AX,2025-09-17,424B5
BKH,2025-09-25,424B5
BXMT,2025-07-30,424B5
BRKR,2025-09-02,424B5
BRKR,2025-09-05,424B5
BNL,2025-09-23,424B5
BNL,2025-09-24,424B5
CAG,2025-07-15,424B5
CAG,2025-07-16,424B5
CDP,2025-09-23,424B5
CDP,2025-09-25,424B5
CTRE,2025-08-12,424B5
CTRE,2025-08-13,424B5
CG,2025-09-16,424B5
CG,2025-09-17,424B5
CWEN,2025-08-06,424B5
CUBE,2025-08-11,424B5
CUBE,2025-08-12,424B5
CUBI,2025-09-03,424B5
CUBI,2025-09-05,424B5
EPRT,2025-08-18,424B5
EPRT,2025-08-19,424B5
WTRG,2025-08-05,424B5
WTRG,2025-08-06,424B5
FR,2025-08-21,424B5
GLPI,2025-08-13,424B5
GLPI,2025-08-15,424B5
HRB,2025-08-18,424B5
DINO,2025-08-11,424B5
DINO,2025-08-13,424B5
HMN,2025-09-25,424B5
HLNE,2025-09-02,424B5
HLNE,2025-09-03,424B5
JEF,2025-07-01,424B5
JEF,2025-07-02,424B5
JEF,2025-07-03,424B5
JEF,2025-07-07,424B5
JEF,2025-07-08,424B5
JEF,2025-07-09,424B5
JEF,2025-07-10,424B5
KRC,2025-08-05,424B5
KRC,2025-08-07,424B5
KRC,2025-08-08,424B5
LAZ,2025-07-28,424B5
LAZ,2025-07-29,424B5
MDU,2025-08-07,424B5
MPT,2025-08-11,424B5
MSEX,2025-07-29,424B5
MP,2025-07-16,424B5
MP,2025-07-18,424B5
MIR,2025-09-24,424B5
MIR,2025-09-29,424B5
NHI,2025-09-22,424B5
NHI,2025-09-23,424B5
NTST,2025-07-24,424B5
NTST,2025-07-28,424B5
ADAM,2025-07-01,424B5
ADAM,2025-08-22,424B5
VNOM,2025-07-09,424B5
POR,2025-07-25,424B5
PR,2025-08-29,424B5
REXR,2025-07-22,424B5
RITM,2025-08-01,424B5
RITM,2025-09-18,424B5
RITM,2025-09-19,424B5
RITM,2025-09-22,424B5
SFNC,2025-07-21,424B5
SFNC,2025-07-23,424B5
SFNC,2025-09-09,424B5
SFNC,2025-09-10,424B5
SBSI,2025-08-07,424B5
SBSI,2025-08-08,424B5
SPXC,2025-08-11,424B5
SPXC,2025-08-13,424B5
STWD,2025-07-16,424B5
STWD,2025-07-17,424B5
SBRA,2025-08-05,424B5
SN,2025-08-20,424B5
TXNM,2025-08-15,424B5
UTL,2025-08-14,424B5
UTL,2025-08-18,424B5
UE,2025-08-11,424B5
VVX,2025-08-11,424B5
WPC,2025-07-07,424B5
WPC,2025-07-08,424B5
WSBC,2025-09-10,424B5
WSBC,2025-09-11,424B5
AIR,2025-10-01,424B5
AMG,2025-12-08,424B5
AMG,2025-12-10,424B5
NLY,2025-12-22,424B5
ATR,2025-11-17,424B5
ATR,2025-11-19,424B5
AN,2025-11-12,424B5
AHR,2025-11-20,424B5
AHR,2025-11-21,424B5
RCUS,2025-10-30,424B5
RCUS,2025-10-31,424B5
BFH,2025-11-20,424B5
BFH,2025-11-21,424B5
BRX,2025-10-28,424B5
BRX,2025-10-29,424B5
LEU,2025-11-06,424B5
CLF,2025-10-29,424B5
CLF,2025-10-30,424B5
CE,2025-12-02,424B5
CE,2025-12-05,424B5
CRBG,2025-11-13,424B5
CRBG,2025-11-14,424B5
CURB,2025-10-01,424B5
CUBI,2025-12-15,424B5
CUBI,2025-12-17,424B5
EGP,2025-12-05,424B5
EPR,2025-11-03,424B5
EPR,2025-11-05,424B5
EPR,2025-12-05,424B5
EFC,2025-12-23,424B5
FFBC,2025-11-06,424B5
FFBC,2025-11-07,424B5
FCPT,2025-10-30,424B5
GATX,2025-10-23,424B5
GXO,2025-11-18,424B5
G,2025-11-13,424B5
G,2025-11-14,424B5
GNL,2025-11-07,424B5
HASI,2025-11-13,424B5
HASI,2025-11-17,424B5
HR,2025-12-17,424B5
H,2025-11-17,424B5
ITT,2025-12-08,424B5
ITT,2025-12-10,424B5
JEF,2025-10-01,424B5
JEF,2025-10-02,424B5
JEF,2025-10-03,424B5
JEF,2025-10-07,424B5
JEF,2025-10-08,424B5
JEF,2025-10-09,424B5
LNC,2025-11-03,424B5
LNC,2025-11-05,424B5
MDU,2025-12-03,424B5
MDU,2025-12-05,424B5
NOVT,2025-11-05,424B5
NOVT,2025-11-07,424B5
OGE,2025-11-20,424B5
OGE,2025-11-21,424B5
PMT,2025-12-11,424B5
PMT,2025-12-19,424B5
PII,2025-11-05,424B5
SR,2025-11-19,424B5
STC,2025-12-10,424B5
STC,2025-12-11,424B5
SEI,2025-10-06,424B5
SEI,2025-10-08,424B5
TRMK,2025-11-17,424B5
TRMK,2025-11-19,424B5
UNM,2025-11-06,424B5
VVX,2025-11-13,424B5
VSEC,2025-10-27,424B5
WLK,2025-11-04,424B5
WLK,2025-11-05,424B5
WSFS,2025-12-09,424B5
WSFS,2025-12-11,424B5
ADAM,2026-01-06,424B5
ADAM,2026-01-07,424B5
AR,2026-01-12,424B5
AR,2026-01-15,424B5
ARWR,2026-01-07,424B5
ARWR,2026-01-09,424B5
CAR,2026-03-27,424B5
AHR,2026-02-27,424B5
ARR,2026-01-28,424B5
CUZ,2026-02-10,424B5
CTRE,2026-02-18,424B5
CUBE,2026-03-02,424B5
DOCN,2026-03-24,424B5
DOCN,2026-03-26,424B5
EMN,2026-02-17,424B5
EMN,2026-02-18,424B5
EFC,2026-01-26,424B5
EFC,2026-01-27,424B5
WTRG,2026-03-05,424B5
WTRG,2026-03-09,424B5
GTY,2026-02-17,424B5
GTY,2026-02-18,424B5
GLPI,2026-02-25,424B5
GLPI,2026-02-27,424B5
HTO,2026-03-02,424B5
HTO,2026-03-04,424B5
HASI,2026-01-06,424B5
HASI,2026-02-18,424B5
HASI,2026-02-19,424B5
HASI,2026-02-20,424B5
HASI,2026-02-23,424B5
HIW,2026-02-11,424B5
JEF,2026-01-12,424B5
JEF,2026-01-13,424B5
JEF,2026-01-15,424B5
JEF,2026-01-20,424B5
JEF,2026-01-21,424B5
JEF,2026-01-22,424B5
JEF,2026-01-27,424B5
JEF,2026-01-29,424B5
JEF,2026-03-27,424B5
JEF,2026-03-30,424B5
JEF,2026-03-31,424B5
KTOS,2026-02-26,424B5
KTOS,2026-02-27,424B5
MGEE,2026-02-24,424B5
MSEX,2026-02-20,424B5
MUR,2026-01-08,424B5
MUR,2026-01-12,424B5
NHI,2026-03-16,424B5
NTST,2026-02-11,424B5
NOG,2026-03-11,424B5
NOG,2026-03-12,424B5
NBHC,2026-02-09,424B5
NBHC,2026-02-11,424B5
ONB,2026-01-26,424B5
ONB,2026-01-27,424B5
OGS,2026-02-24,424B5
POR,2026-02-17,424B5
POR,2026-02-18,424B5
PECO,2026-02-24,424B5
PECO,2026-02-25,424B5
RGA,2026-02-24,424B5
RLI,2026-02-26,424B5
RLI,2026-03-02,424B5
RITM,2026-01-13,424B5
RITM,2026-01-15,424B5
SKT,2026-02-27,424B5
TCBI,2026-02-24,424B5
TCBI,2026-02-26,424B5
TXNM,2026-03-03,424B5
TRNO,2026-02-17,424B5
UTL,2026-02-19,424B5
VSEC,2026-02-02,424B5
VNOM,2026-03-03,424B5
VNOM,2026-03-04,424B5
VIR,2026-02-24,424B5
VIR,2026-02-26,424B5
VOYA,2026-02-23,424B5
WPC,2026-02-12,424B5
WPC,2026-02-17,424B5
WHR,2026-02-26,424B5
WU,2026-02-26,424B5
WU,2026-03-02,424B5
RSI,2026-05-06,424B4
AKR,2026-06-10,424B5
AKR,2026-06-11,424B5
ACMR,2026-05-12,424B5
ADAM,2026-06-12,424B5
ADC,2026-04-24,424B5
ATI,2026-06-04,424B5
ALLY,2026-04-27,424B5
AHR,2026-05-20,424B5
AHR,2026-05-21,424B5
AMH,2026-06-12,424B5
BKH,2026-05-19,424B5
BFH,2026-05-05,424B5
BFH,2026-05-06,424B5
CWT,2026-05-01,424B5
CYTK,2026-05-05,424B5
CYTK,2026-05-07,424B5
CTRE,2026-05-18,424B5
CTRE,2026-05-20,424B5
CURB,2026-06-02,424B5
CURB,2026-06-29,424B5
EPRT,2026-06-04,424B5
EPRT,2026-06-05,424B5
FLS,2026-05-07,424B5
FULT,2026-05-05,424B5
FCPT,2026-05-01,424B5
GT,2026-06-01,424B5
HTZ,2026-06-26,424B5
HXL,2026-04-27,424B5
ICHR,2026-05-18,424B5
IDA,2026-05-15,424B5
IIPR,2026-05-22,424B5
INSW,2026-05-11,424B5
JEF,2026-04-01,424B5
JEF,2026-04-02,424B5
JEF,2026-04-03,424B5
JEF,2026-04-06,424B5
JEF,2026-04-08,424B5
JEF,2026-04-21,424B5
JEF,2026-04-30,424B5
JEF,2026-05-11,424B5
JEF,2026-06-29,424B5
JEF,2026-06-30,424B5
KGS,2026-05-13,424B5
KGS,2026-05-15,424B5
MAC,2026-05-11,424B5
MAC,2026-05-12,424B5
MAC,2026-06-15,424B5
MAC,2026-06-16,424B5
MCY,2026-06-09,424B5
MCY,2026-06-10,424B5
MGEE,2026-05-06,424B5
MGEE,2026-05-07,424B5
NFG,2026-05-27,424B5
NAVI,2026-05-26,424B5
NTST,2026-04-21,424B5
ORI,2026-05-13,424B5
ORI,2026-05-14,424B5
PTEN,2026-05-07,424B5
PDFS,2026-05-13,424B5
PDFS,2026-05-14,424B5
RNST,2026-05-04,424B5
RNST,2026-05-05,424B5
SITM,2026-05-19,424B5
SITM,2026-05-21,424B5
SLM,2026-05-06,424B5
SLM,2026-05-07,424B5
VVX,2026-05-11,424B5
VLY,2026-05-11,424B5
VLY,2026-05-13,424B5
VIAV,2026-05-19,424B5
VIAV,2026-05-20,424B5
VSH,2026-06-29,424B5
VSH,2026-06-30,424B5
WPC,2026-06-29,424B5
WPC,2026-06-30,424B5
WU,2026-04-30,424B5
WU,2026-05-01,424B5
ADAM,2026-08-11,424B5
ADAM,2026-08-12,424B5
AAL,2026-07-27,424B5
AAL,2026-07-29,424B5
AHR,2026-08-10,424B5
AHR,2026-08-11,424B5
APLE,2026-08-06,424B5
ARR,2026-07-24,424B5
AUB,2026-07-27,424B5
AUB,2026-07-29,424B5
BBT,2026-08-17,424B5
BBT,2026-08-19,424B5
BNL,2026-08-06,424B5
BNL,2026-08-10,424B5
CAG,2026-07-21,424B5
CAG,2026-07-22,424B5
CWEN,2026-08-06,424B5
CURB,2026-07-01,424B5
DOCN,2026-07-15,424B5
DOCN,2026-07-17,424B5
EPRT,2026-07-24,424B5
DEA,2026-08-04,424B5
FCPT,2026-07-31,424B5
HR,2026-07-31,424B5
IIPR,2026-09-01,424B5
JEF,2026-07-01,424B5
JEF,2026-07-02,424B5
JEF,2026-07-07,424B5
JEF,2026-07-09,424B5
JEF,2026-07-21,424B5
LTC,2026-08-06,424B5
MAC,2026-08-05,424B5
MTZ,2026-08-06,424B5
MTZ,2026-08-10,424B5
MGY,2026-07-20,424B5
MGY,2026-07-22,424B5
NFG,2026-08-11,424B5
NNN,2026-08-06,424B5
OGS,2026-08-11,424B5
OGS,2026-08-12,424B5
PFS,2026-08-20,424B5
PFS,2026-08-24,424B5
PECO,2026-08-10,424B5
RHP,2026-08-10,424B5
RHP,2026-08-11,424B5
SHO,2026-08-10,424B5
TXNM,2026-08-31,424B5
UCTT,2026-08-14,424B5
XHR,2026-08-05,424B5
